time_s,in0_v,in1_v
0.000000,1.026326,0.444416
0.211052,0.540378,0.788383
0.420025,0.527295,0.794990
0.630586,0.523534,0.807391
0.840112,0.525998,0.796449
1.050694,0.523782,0.807442
1.260215,0.525224,0.796392
1.469775,0.521683,0.806574
1.680307,0.525041,0.796928
1.887827,0.517045,0.803931
2.088380,0.517530,0.804145
2.287913,0.516566,0.804150
2.488450,0.517395,0.804904
2.687986,0.516828,0.804099
2.888524,0.517096,0.804628
3.088055,0.516271,0.804323
3.288590,0.516782,0.805015
3.488123,0.516469,0.803760
3.688657,0.516385,0.804185
3.888190,0.516288,0.803840
4.087724,0.515531,0.802013
4.288287,0.515616,0.801882
4.487839,0.515631,0.801001
4.688374,0.516351,0.802659
4.887930,0.516288,0.802264
5.088468,0.517087,0.802952
5.288017,0.516728,0.801726
5.488553,0.517020,0.802488
5.688074,0.516895,0.801267
5.888620,0.517547,0.801858
6.088153,0.517028,0.800337
6.287686,0.517210,0.799197
6.488215,0.517489,0.799715
6.688464,0.517420,0.797979
6.888359,0.517865,0.799652
7.087999,0.518084,0.796576
7.288548,0.517972,0.798965
7.488088,0.423319,0.786789
7.688629,0.431674,0.790146
7.888167,0.432095,0.788967
8.087718,0.432143,0.787628
8.288272,0.432619,0.789459
8.487802,0.432440,0.789709
8.688352,0.433264,0.790238
8.887916,0.432606,0.789862
9.088446,0.432935,0.790077
9.287974,0.432382,0.789398
9.488499,0.432599,0.789691
9.688019,0.432064,0.788022
9.888532,0.432712,0.789607
10.088058,0.432500,0.789585
10.288587,0.432375,0.789405
10.488121,0.432802,0.789280
10.688647,0.432512,0.789417
10.888200,0.432734,0.789389
11.087740,0.433498,0.789660
11.288278,0.519101,0.798537
11.487807,0.517479,0.797836
11.688343,0.517038,0.796978
11.887913,0.519734,0.796263
12.088444,0.518756,0.796497
12.287975,0.519062,0.795639
12.488524,0.518916,0.795009
12.688030,0.519961,0.796305
12.888639,0.519416,0.795763
13.088168,0.519725,0.795296
13.287701,0.521698,0.796568
13.488227,0.520241,0.796812
13.687755,0.522019,0.796613
13.888331,0.520450,0.797052
14.087862,0.521632,0.797025
14.288398,0.520228,0.797183
14.487935,0.522301,0.797426
14.688460,0.520405,0.797352
14.888002,0.522050,0.797863
15.088534,0.520218,0.797553
15.288060,0.521920,0.797363
15.488598,0.520120,0.796818
15.688127,0.521477,0.796701
15.888643,0.520719,0.798109
16.088173,0.522465,0.797882
16.287700,0.523667,0.798186
16.488232,0.522451,0.798373
16.687764,0.523981,0.799039
16.888338,0.522988,0.798511
17.087872,0.524146,0.798950
17.288399,0.522537,0.798853
17.487921,0.523378,0.798125
17.688464,0.522468,0.797781
17.887990,0.523479,0.797963
18.088544,0.522856,0.797033
18.288053,0.524438,0.799342
18.488565,0.523798,0.798712
18.688094,0.524739,0.799562
18.888632,0.524224,0.799122
19.088164,0.524921,0.799604
19.287688,0.526153,0.800593
19.488200,0.525218,0.799816
19.687711,0.526372,0.801375
19.888235,0.525629,0.800192
20.087754,0.527189,0.801597
20.288285,0.526254,0.799696
20.487799,0.526776,0.800975
20.688339,0.526292,0.798607
20.887860,0.527936,0.802012
21.088359,0.527166,0.800388
21.287839,0.528627,0.802066
21.488345,0.527956,0.800863
21.687858,0.529360,0.802253
21.888400,0.528864,0.801021
22.087879,0.529823,0.802543
22.288403,0.529048,0.801453
22.487918,0.530647,0.802393
22.688440,0.529592,0.801541
22.887973,0.530898,0.802777
23.088501,0.530246,0.801601
23.288044,0.530408,0.801823
23.488587,0.530027,0.799723
23.688082,0.531316,0.802773
23.888582,0.531209,0.802064
24.088095,0.532486,0.803029
24.288622,0.531651,0.801883
24.488106,0.532405,0.802876
24.688639,0.531533,0.801547
24.888217,0.532589,0.803009
25.087758,0.532062,0.802436
25.288295,0.532602,0.800285
25.487808,0.532503,0.802712
25.688300,0.533318,0.802958
25.887812,0.533212,0.803790
26.088349,0.533275,0.802458
26.287830,0.533498,0.804010
26.488389,0.533014,0.801744
26.687919,0.532709,0.802340
26.888459,0.533248,0.801009
27.087955,0.533577,0.803836
27.288449,0.533664,0.802796
27.487945,0.533727,0.803386
27.688457,0.533519,0.802367
27.887998,0.534338,0.804201
28.088523,0.533997,0.802875
28.288056,0.534344,0.803463
28.488586,0.534083,0.802525
28.688118,0.534221,0.803668
28.888699,0.534548,0.803007
29.088230,0.534186,0.803457
29.287760,0.533460,0.803799
29.488287,0.533519,0.802952
29.687802,0.533918,0.804347
29.888293,0.534495,0.804096
30.087801,0.534333,0.805090
30.288340,0.534258,0.804069
30.487873,0.534733,0.805286
30.688404,0.534419,0.804212
30.887942,0.534738,0.805752
31.088475,0.534696,0.804592
31.288006,0.534770,0.805324
31.488531,0.534510,0.804690
31.688061,0.534630,0.805552
31.888598,0.534639,0.804894
32.088128,0.533702,0.804757
32.288660,0.533757,0.803910
32.488154,0.534428,0.805570
32.687651,0.533872,0.805925
32.888193,0.534292,0.805928
33.087724,0.533639,0.805969
33.288273,0.534408,0.805089
33.487812,0.533537,0.806301
33.688356,0.534409,0.805542
33.887880,0.534130,0.806380
34.088421,0.534087,0.805806
34.287958,0.533588,0.806366
34.488493,0.533538,0.805070
34.688020,0.532352,0.805474
34.888515,0.533940,0.806639
35.088009,0.533054,0.806908
35.288506,0.533620,0.806670
35.488012,0.532943,0.806830
35.688507,0.533347,0.806954
35.888026,0.532900,0.807292
36.088560,0.533544,0.806752
36.288034,0.532424,0.807832
36.488572,0.532703,0.806934
36.688101,0.532143,0.807704
36.888684,0.533010,0.807236
37.088208,0.531485,0.806800
37.287747,0.529880,0.806813
37.488257,0.531687,0.807677
37.687755,0.530387,0.807956
37.888260,0.531463,0.807978
38.087796,0.530007,0.807886
38.288324,0.530912,0.807872
38.487858,0.530238,0.808455
38.688393,0.531379,0.807656
38.887921,0.529774,0.808527
39.088459,0.530898,0.808420
39.287993,0.529553,0.808424
39.488530,0.530195,0.807348
39.688059,0.528261,0.808015
39.888564,0.530782,0.808839
40.088061,0.529040,0.809104
40.288554,0.530401,0.808935
40.488069,0.528284,0.808826
40.688592,0.530963,0.810045
40.888171,0.528494,0.809297
41.087697,0.526885,0.809483
41.288228,0.528277,0.809114
41.487759,0.526725,0.809492
41.688290,0.528029,0.809291
41.887812,0.526531,0.809985
42.088357,0.527555,0.809205
42.287883,0.526186,0.809638
42.488416,0.526499,0.808596
42.687956,0.526154,0.807922
42.888472,0.527161,0.811152
43.087960,0.526023,0.810388
43.288473,0.526903,0.809931
43.487998,0.525386,0.810072
43.688532,0.526763,0.809926
43.888060,0.525499,0.810600
44.088594,0.525779,0.809168
44.288126,0.524600,0.809377
44.488624,0.526258,0.810247
44.688139,0.524975,0.810381
44.887714,0.524009,0.810467
45.088253,0.525025,0.810014
45.287787,0.523983,0.810348
45.488324,0.524811,0.810494
45.687855,0.523556,0.810241
45.888404,0.524748,0.810304
46.087931,0.523526,0.810866
46.288466,0.524276,0.810314
46.488005,0.523220,0.809979
46.688532,0.523476,0.809611
46.888072,0.522913,0.809485
47.088593,0.523597,0.810843
47.288076,0.523235,0.810707
47.488567,0.523664,0.811034
47.688044,0.522510,0.810721
47.888532,0.523565,0.810940
48.088059,0.522315,0.809893
48.288571,0.523048,0.810330
48.488105,0.522417,0.810177
48.688632,0.523111,0.810936
48.888209,0.522589,0.810432
49.087742,0.521150,0.808593
49.288280,0.522164,0.810185
49.487816,0.521633,0.809009
49.688350,0.522263,0.809767
49.887885,0.521345,0.808863
50.088418,0.522086,0.809969
50.287952,0.521155,0.808534
50.488486,0.521417,0.808799
50.688016,0.520177,0.807388
50.888531,0.521784,0.809279
51.088005,0.520549,0.808287
51.288502,0.521511,0.809204
51.488005,0.520073,0.807607
51.688512,0.520955,0.808736
51.888035,0.520014,0.807343
52.088576,0.521277,0.809159
52.288112,0.520012,0.807316
52.488655,0.520779,0.808113
52.688189,0.519781,0.806780
52.887775,0.518382,0.805751
53.088327,0.518697,0.805587
53.287879,0.518329,0.804447
53.488397,0.519564,0.806848
53.687887,0.518295,0.806076
53.888428,0.519368,0.805973
54.087935,0.517945,0.806210
54.288438,0.519207,0.806543
54.487957,0.517955,0.805732
54.688499,0.518853,0.806025
54.888021,0.518234,0.806198
55.088564,0.518979,0.806350
55.288094,0.516993,0.804203
55.488622,0.518743,0.805182
55.688105,0.517755,0.806521
55.888578,0.519018,0.806303
56.088072,0.517590,0.805008
56.288560,0.518261,0.806069
56.488077,0.517358,0.804926
56.688605,0.518403,0.805660
56.888146,0.517519,0.804634
57.087672,0.516735,0.804240
57.288201,0.517280,0.804933
57.487724,0.516239,0.802917
57.688213,0.517291,0.804615
57.887697,0.516779,0.804295
58.088189,0.517047,0.804720
58.287686,0.516750,0.804223
58.488197,0.517440,0.804198
58.687683,0.516901,0.804221
58.888237,0.517037,0.804642
59.087776,0.516907,0.803403
59.288327,0.516401,0.802899
59.487887,0.516580,0.801527
59.688399,0.516905,0.804012
59.887884,0.516914,0.803560
60.088394,0.516913,0.803946
60.287921,0.516530,0.803202
60.488439,0.516850,0.803558
60.687979,0.516911,0.802908
60.889081,0.517210,0.803520
61.088666,0.517093,0.803419
61.288201,0.516762,0.802926
61.487801,0.516673,0.804034
61.688355,0.516916,0.804023
61.887909,0.516883,0.801921
62.088453,0.516751,0.803111
62.287968,0.516266,0.801524
62.488486,0.515755,0.802194
62.687974,0.516235,0.802049
62.888533,0.516551,0.802902
63.087994,0.516281,0.801239
63.288503,0.516494,0.802151
63.487998,0.515600,0.801558
63.688137,0.517349,0.801460
63.887700,0.516952,0.800112
64.088166,0.516945,0.801640
64.287703,0.516800,0.800016
64.488254,0.516611,0.800251
64.687774,0.516733,0.799878
64.888356,0.516386,0.800548
65.088139,0.516312,0.799631
65.287669,0.516323,0.797993
65.488196,0.515978,0.799938
65.687691,0.516005,0.798627
65.888159,0.516517,0.800366
66.087688,0.516356,0.799002
66.288196,0.516408,0.800190
66.487731,0.516654,0.799134
66.688235,0.516652,0.799762
66.887759,0.517075,0.799046
67.088317,0.516885,0.798692
67.287844,0.516409,0.798255
67.488409,0.516400,0.798241
67.687962,0.516857,0.797981
67.888492,0.517217,0.798431
68.087981,0.517306,0.797589
68.288522,0.517100,0.800558
68.488018,0.517155,0.798377
68.688765,0.517477,0.794470
68.888511,0.517231,0.796541
69.088076,0.517078,0.797672
69.288623,0.516927,0.798475
69.488382,0.517265,0.797606
69.687921,0.517511,0.797578
69.888464,0.517657,0.798075
70.087990,0.517584,0.797917
70.288505,0.516563,0.797105
70.488030,0.517455,0.796494
70.688550,0.516216,0.797895
70.888041,0.516742,0.798132
71.088563,0.517292,0.798284
71.288047,0.516927,0.798571
71.488149,0.516719,0.797824
71.687642,0.517259,0.797863
71.888219,0.516513,0.799377
72.087758,0.517167,0.798233
72.288356,0.517602,0.799285
72.487876,0.517722,0.798962
72.688430,0.517044,0.800547
72.888098,0.517372,0.798257
73.088625,0.517346,0.799050
73.288164,0.516584,0.797340
73.487716,0.517886,0.798488
73.688284,0.516677,0.796681
73.887800,0.517567,0.798423
74.088325,0.516318,0.796510
74.287835,0.516349,0.796338
74.488367,0.516820,0.795963
74.687843,0.518131,0.798332
74.888327,0.518076,0.797726
75.087798,0.518127,0.797294
75.288293,0.518486,0.797095
75.487770,0.519678,0.796863
75.688301,0.519308,0.795484
75.887784,0.520180,0.796180
76.088287,0.519359,0.796332
76.287864,0.520247,0.796112
76.488387,0.520451,0.794860
76.687908,0.521183,0.793267
76.888440,0.520812,0.794059
77.087966,0.521825,0.795097
77.288498,0.520825,0.794101
77.488030,0.521684,0.793951
77.688561,0.521071,0.793645
77.888070,0.521742,0.794036
78.088619,0.520859,0.793554
78.288149,0.521225,0.794128
78.487662,0.521738,0.791635
78.688156,0.521016,0.794628
78.887764,0.522553,0.794116
79.088292,0.521542,0.794109
79.287829,0.522602,0.794327
79.488369,0.521297,0.794380
79.687911,0.522742,0.794160
79.888454,0.521194,0.794576
80.087992,0.522343,0.794229
80.288526,0.521341,0.794616
80.488058,0.522632,0.794317
80.688597,0.521210,0.794250
80.888140,0.522697,0.794254
81.087675,0.524022,0.794068
81.288221,0.521645,0.793376
81.487765,0.523794,0.792573
81.688294,0.522374,0.793732
81.887804,0.523998,0.794274
82.088312,0.522437,0.794026
82.287856,0.524267,0.794098
82.488341,0.522957,0.794358
82.687881,0.524513,0.794034
82.888414,0.523067,0.794456
83.087953,0.523553,0.793267
83.288489,0.522254,0.793546
83.488033,0.524219,0.792473
83.688523,0.523105,0.794387
83.888025,0.524669,0.794419
84.088524,0.523341,0.794483
84.288834,0.525302,0.794854
84.488616,0.522929,0.793904
84.688143,0.525109,0.794777
84.887685,0.526189,0.794554
85.088238,0.524928,0.794033
85.287790,0.526074,0.794313
85.488343,0.524600,0.793984
85.687885,0.525992,0.795896
85.888507,0.525141,0.794261
86.088029,0.525998,0.794088
86.288564,0.524634,0.794218
86.488113,0.525771,0.794120
86.688690,0.524207,0.794239
86.888221,0.525674,0.793771
87.087764,0.526586,0.793653
87.288304,0.525508,0.793994
87.487845,0.526451,0.793385
87.688407,0.524951,0.792323
87.887906,0.526879,0.794703
88.088394,0.525987,0.794488
88.287897,0.526927,0.794341
88.488390,0.525757,0.793740
88.687894,0.526012,0.794736
88.888426,0.525428,0.796056
89.087929,0.525943,0.795991
89.288430,0.524692,0.794833
89.487972,0.526735,0.795795
89.688506,0.525642,0.795584
89.888042,0.526374,0.795733
90.088570,0.524918,0.794583
90.288116,0.526227,0.794319
90.488617,0.525256,0.795715
90.688111,0.526607,0.796332
90.888604,0.525850,0.796455
91.088103,0.526726,0.796329
91.288602,0.525813,0.796444
91.488150,0.527325,0.796164
91.687658,0.528017,0.797405
91.888169,0.526578,0.796650
92.087683,0.528136,0.799218
92.288245,0.527146,0.796673
92.487775,0.527956,0.796583
92.688299,0.527089,0.796823
92.887813,0.528367,0.797984
93.088365,0.528689,0.794770
93.287895,0.528910,0.797974
93.488420,0.527569,0.796275
93.687939,0.527915,0.797094
93.888468,0.527039,0.795445
94.087964,0.528134,0.796496
94.288417,0.527987,0.797267
94.487882,0.529100,0.799384
94.688388,0.528561,0.797466
94.887921,0.529934,0.798515
95.088455,0.528461,0.797706
95.287992,0.529738,0.799667
95.488529,0.528621,0.797665
95.688059,0.529686,0.797995
95.888573,0.528985,0.798167
96.088081,0.530349,0.799180
96.288608,0.528695,0.796809
96.488083,0.530376,0.800061
96.688586,0.529175,0.797628
96.888608,0.530455,0.800606
97.088633,0.529357,0.798883
97.288139,0.530341,0.801590
97.487632,0.531435,0.801202
97.688124,0.529789,0.799846
97.888604,0.530237,0.798312
98.088122,0.532576,0.797663
98.288648,0.531575,0.797868
98.488260,0.532251,0.797838
98.687798,0.533635,0.799440
98.888359,0.532209,0.798743
99.087900,0.533317,0.799216
99.288426,0.532200,0.798237
99.487963,0.533317,0.800968
99.688500,0.531847,0.798085
99.888009,0.533265,0.799272
100.088525,0.531601,0.797149
100.288060,0.534203,0.795934
100.488589,0.532071,0.796841
100.688083,0.533326,0.799843
100.888556,0.532633,0.799157
101.088058,0.533713,0.799772
101.288583,0.532970,0.799042
101.488074,0.533823,0.800119
101.688587,0.533010,0.798994
101.888098,0.532788,0.799331
102.088621,0.533699,0.799388
102.288133,0.534384,0.800803
102.487467,0.534093,0.801213
102.689766,0.533821,0.802537
102.888516,0.533922,0.800973
103.088044,0.534064,0.801080
103.288576,0.533872,0.800098
103.488049,0.534273,0.801666
103.688554,0.534019,0.800849
103.888025,0.534279,0.802192
104.088487,0.535001,0.800739
104.287984,0.534740,0.800400
104.488463,0.534693,0.800051
104.688407,0.535214,0.800420
104.887881,0.535495,0.801464
105.088412,0.534880,0.799773
105.287938,0.534675,0.800388
105.488444,0.534526,0.799202
105.687992,0.535495,0.800978
105.888501,0.535194,0.800502
106.088000,0.535196,0.801752
106.288557,0.534839,0.801497
106.488047,0.535396,0.801622
106.688557,0.535457,0.801100
106.888064,0.535466,0.802263
107.088590,0.534863,0.801133
107.288107,0.535159,0.801659
107.488669,0.535418,0.800868
107.688195,0.535526,0.802437
107.887733,0.535694,0.803425
108.088261,0.535664,0.801875
108.287799,0.535496,0.803283
108.488357,0.535460,0.801723
108.687894,0.535505,0.803704
108.888602,0.535196,0.801975
109.088053,0.535439,0.803730
109.288580,0.535492,0.802605
109.488066,0.535355,0.804628
109.688592,0.534750,0.801973
109.888112,0.535043,0.803283
110.088610,0.535431,0.802881
110.288097,0.535776,0.804435
110.488600,0.535085,0.803800
110.688142,0.535434,0.804760
110.887673,0.535459,0.805248
111.088204,0.535552,0.804143
111.287742,0.535201,0.804584
111.488276,0.535792,0.804530
111.687882,0.534957,0.806844
111.888402,0.535563,0.804378
112.087939,0.534296,0.803470
112.288462,0.533900,0.802727
112.487991,0.534376,0.803124
112.688555,0.534797,0.806687
112.888030,0.534572,0.804915
113.088514,0.535334,0.804748
113.288037,0.534447,0.805006
113.488528,0.534660,0.804321
113.688024,0.534292,0.804788
113.888539,0.534364,0.804492
114.088020,0.534108,0.804812
114.288536,0.534301,0.804289
114.488090,0.533360,0.804968
114.688596,0.534053,0.805178
114.888076,0.532600,0.806346
115.088603,0.532711,0.805232
115.288128,0.532340,0.805187
115.488669,0.533215,0.805117
115.688125,0.531720,0.807823
115.888606,0.532844,0.807005
116.088124,0.530287,0.808038
116.288659,0.531732,0.808076
116.488186,0.529456,0.809029
116.687706,0.527421,0.808854
116.888224,0.528138,0.808716
117.087748,0.526730,0.809865
117.288303,0.528071,0.807492
117.487810,0.527108,0.809603
117.688345,0.527766,0.808759
117.887866,0.526106,0.808994
118.088402,0.526936,0.807790
118.287959,0.524397,0.807147
118.488462,0.526188,0.807307
118.687947,0.525746,0.809958
118.888416,0.526437,0.809977
119.087937,0.525942,0.809936
119.288428,0.526359,0.809690
119.487939,0.526386,0.809291
119.688460,0.528230,0.809587
119.887983,0.526423,0.808499
120.088489,0.528135,0.808275
120.288501,0.527272,0.807741
120.488009,0.526124,0.807260
120.688544,0.526569,0.806442
120.888098,0.525703,0.805874
121.088589,0.526999,0.808075
121.288086,0.525887,0.807283
121.488583,0.526845,0.807409
121.688098,0.525693,0.807572
121.888635,0.527077,0.807816
122.088166,0.525780,0.807065
122.287702,0.524981,0.806534
122.488233,0.525677,0.807187
122.687769,0.524908,0.806600
122.888317,0.525982,0.807261
123.087842,0.524155,0.806095
123.288395,0.525151,0.806089
123.487930,0.524103,0.805668
123.688462,0.524843,0.805914
123.887989,0.524349,0.805922
124.088513,0.524459,0.806296
124.288052,0.524238,0.805106
124.488572,0.525268,0.806546
124.688054,0.524195,0.806214
124.888545,0.525114,0.807389
125.088037,0.524154,0.806599
125.288554,0.524954,0.806920
125.488055,0.524170,0.805871
125.688589,0.524849,0.806856
125.888067,0.524569,0.806677
126.088598,0.525097,0.806905
126.288130,0.523490,0.804838
126.488664,0.524388,0.805168
126.688165,0.523984,0.805779
126.887647,0.522800,0.804901
127.088133,0.523846,0.805603
127.287623,0.522403,0.804091
127.488115,0.523920,0.805521
127.688625,0.524731,0.806575
127.888159,0.524583,0.805775
128.087691,0.522779,0.804708
128.288232,0.523871,0.805434
128.487766,0.522691,0.803836
128.688305,0.523805,0.804961
128.887830,0.522798,0.804116
129.088375,0.523960,0.804886
129.287899,0.522240,0.803115
129.488432,0.523189,0.804137
129.687931,0.522843,0.804319
129.888433,0.523823,0.805125
130.087900,0.522675,0.803949
130.288396,0.523703,0.805065
130.487887,0.522343,0.803697
130.688405,0.523216,0.804564
130.887934,0.522539,0.803343
131.088469,0.523705,0.804816
131.287993,0.522356,0.803574
131.488524,0.523669,0.804670
131.688060,0.522101,0.803224
131.888584,0.523353,0.804476
132.088122,0.521851,0.802585
132.288653,0.522652,0.802964
132.488187,0.521684,0.802778
132.687722,0.521028,0.800723
132.888223,0.522152,0.803795
133.087721,0.521422,0.802907
133.288260,0.522648,0.803048
133.487777,0.521121,0.802526
133.688340,0.522518,0.802841
133.887869,0.521541,0.803290
134.088388,0.522732,0.803711
134.287927,0.521520,0.802752
134.488458,0.522822,0.803940
134.687992,0.521463,0.802800
134.888530,0.522513,0.802469
135.088066,0.521611,0.802495
135.288593,0.522734,0.803553
135.488124,0.521676,0.803025
135.688655,0.522883,0.804228
135.888193,0.521624,0.802332
136.087711,0.519901,0.801194
136.288222,0.521470,0.802959
136.487726,0.521131,0.802221
136.688203,0.521994,0.804364
136.887695,0.520802,0.802727
137.088194,0.521564,0.803444
137.287680,0.520863,0.802416
137.488210,0.521847,0.802612
137.687730,0.520453,0.802113
137.888278,0.521899,0.803063
138.087798,0.520991,0.802164
138.288336,0.521147,0.802298
138.487871,0.520463,0.800993
138.688420,0.521920,0.802281
138.888015,0.521696,0.803414
139.088503,0.522444,0.804129
139.287993,0.521357,0.802673
139.488493,0.522235,0.803852
139.687988,0.521586,0.803529
139.888529,0.523023,0.804361
140.088055,0.522012,0.802954
140.288584,0.522829,0.804336
140.488121,0.521961,0.803460
140.688655,0.523240,0.804837
140.888186,0.522093,0.803525
141.087708,0.520877,0.802790
141.288225,0.522317,0.803877
141.487761,0.521255,0.802738
141.688300,0.521601,0.803010
141.887795,0.521608,0.803695
142.088309,0.522596,0.804427
142.287811,0.521722,0.803318
142.488355,0.522941,0.804178
142.687858,0.521539,0.803383
142.888393,0.523351,0.804792
143.087936,0.521995,0.803726
143.288452,0.523810,0.805108
143.487997,0.522500,0.803991
143.688517,0.523885,0.805709
143.888046,0.523098,0.804350
144.088584,0.524034,0.806158
144.288112,0.522830,0.804555
144.488651,0.524280,0.806352
144.688180,0.522726,0.804240
144.887693,0.522254,0.803397
145.088183,0.524007,0.806402
145.287679,0.522545,0.805018
145.488193,0.523842,0.805503
145.687571,0.522067,0.803575
145.888100,0.524229,0.806147
146.088618,0.524559,0.806957
146.288105,0.523901,0.806254
146.488642,0.524298,0.806310
146.688170,0.523324,0.805093
146.887693,0.522787,0.804137
147.088223,0.524044,0.804380
147.287733,0.523138,0.805453
147.488246,0.524158,0.806276
147.687728,0.523783,0.805910
147.888256,0.524433,0.806454
148.087792,0.524183,0.805656
148.288322,0.524686,0.806654
148.487856,0.524594,0.806293
148.688352,0.525409,0.806833
148.887936,0.524762,0.806451
149.088475,0.525425,0.806968
149.288006,0.524956,0.806446
149.488543,0.525152,0.806555
149.688072,0.524652,0.806246
149.888615,0.525953,0.806178
150.088096,0.525520,0.807500
150.288594,0.526613,0.807827
150.488130,0.525728,0.807155
150.688670,0.526769,0.807639
150.888213,0.525934,0.807898
151.087741,0.525409,0.807010
151.288227,0.526108,0.807464
151.487763,0.525064,0.806618
151.688298,0.525226,0.806338
151.887834,0.524967,0.806194
152.088360,0.526279,0.805871
152.287866,0.525609,0.807561
152.488355,0.527058,0.807578
152.687857,0.525803,0.807486
152.888408,0.527434,0.807519
153.087937,0.526208,0.807419
153.288415,0.527474,0.807531
153.487954,0.526257,0.806389
153.688485,0.527312,0.806626
153.888019,0.526412,0.807079
154.088542,0.528297,0.805870
154.288042,0.527217,0.807424
154.488546,0.528678,0.806958
154.688033,0.527535,0.807755
154.888526,0.529415,0.807870
155.088053,0.527909,0.807500
155.288587,0.529646,0.806930
155.488116,0.528405,0.807510
155.688655,0.530114,0.806900
155.888187,0.528952,0.807014
156.087717,0.527843,0.807423
156.288275,0.529286,0.806540
156.487807,0.527437,0.806159
156.688345,0.529231,0.805720
156.887924,0.528663,0.806360
157.088405,0.530404,0.807738
157.287892,0.529051,0.807167
157.488408,0.530387,0.806841
157.687941,0.529165,0.807201
157.888478,0.531961,0.807375
158.088012,0.529836,0.807419
158.288543,0.531589,0.806992
158.487966,0.529423,0.806109
158.688511,0.531596,0.805154
158.887990,0.530737,0.807638
159.088521,0.532352,0.807109
159.288016,0.530681,0.807631
159.488546,0.532716,0.806965
159.688080,0.531297,0.806949
159.888618,0.532682,0.806799
160.088153,0.531615,0.807132
160.287691,0.530303,0.807045
160.488298,0.532185,0.805279
160.687832,0.530278,0.806135
160.888418,0.532201,0.805034
161.087908,0.531245,0.807215
161.288397,0.532607,0.806792
161.487973,0.531335,0.807593
161.688508,0.532977,0.806879
161.888043,0.531934,0.807008
162.088579,0.533286,0.806549
162.288112,0.532240,0.807103
162.488735,0.533660,0.807973
162.688283,0.532894,0.806132
162.887821,0.531519,0.806972
163.088359,0.532055,0.805979
163.287875,0.531606,0.805319
163.488363,0.533032,0.806869
163.687862,0.531560,0.806985
163.888384,0.533076,0.806669
164.087918,0.532335,0.807061
164.288450,0.533248,0.806554
164.487991,0.532117,0.806728
164.688527,0.533107,0.806935
164.888097,0.532971,0.806651
165.088629,0.533517,0.806413
165.288162,0.532598,0.806632
165.487698,0.531737,0.807282
165.688230,0.533005,0.806813
165.887768,0.531821,0.807081
166.088310,0.533250,0.806185
166.287845,0.531908,0.806391
166.488393,0.532336,0.805313
166.687922,0.531324,0.805955
166.888418,0.532921,0.807003
167.087918,0.531987,0.806845
167.288423,0.533062,0.806897
167.487962,0.531983,0.806794
167.688500,0.532833,0.806591
167.888030,0.532262,0.807196
168.088561,0.532906,0.806295
168.288091,0.531312,0.806058
168.488629,0.532706,0.804932
168.688123,0.532274,0.807063
168.888651,0.533527,0.807334
169.088148,0.532138,0.806983
169.287682,0.531355,0.806788
169.488225,0.532464,0.806569
169.687754,0.530834,0.807072
169.888296,0.532564,0.806767
170.087823,0.530729,0.807050
170.288353,0.531488,0.805684
170.487883,0.530130,0.805910
170.688423,0.532409,0.805124
170.887925,0.530707,0.807405
171.088404,0.532317,0.807020
171.287893,0.530724,0.807503
171.488386,0.532147,0.807339
171.687876,0.530708,0.807388
171.888422,0.532530,0.806842
172.087942,0.530749,0.807421
172.288477,0.532491,0.807569
172.488009,0.531155,0.807146
172.688544,0.532391,0.806923
172.888115,0.531189,0.807499
173.088642,0.532583,0.807331
173.288182,0.530384,0.806329
173.487715,0.528361,0.806154
173.688298,0.530521,0.804533
173.887787,0.529673,0.807893
174.088264,0.530713,0.807610
174.287754,0.529015,0.807452
174.488250,0.530972,0.807453
174.687788,0.529473,0.807284
174.888447,0.531271,0.807658
175.087977,0.529657,0.807325
175.288507,0.531484,0.806956
175.488034,0.529810,0.807458
175.688555,0.531429,0.807235
175.888072,0.529954,0.807595
176.088600,0.530970,0.807140
176.288128,0.528643,0.806349
176.488663,0.530944,0.805368
176.688154,0.529352,0.807564
176.887672,0.528280,0.808317
177.088160,0.529486,0.807560
177.287652,0.527715,0.807447
177.488166,0.529016,0.807315
177.687699,0.527956,0.807580
177.888216,0.529588,0.807709
178.087736,0.527775,0.807596
178.288288,0.528918,0.807028
178.487819,0.527834,0.807437
178.688370,0.529342,0.806848
178.887903,0.528127,0.808178
179.088444,0.529245,0.806775
179.287976,0.527233,0.807730
179.488523,0.528453,0.806543
179.688058,0.526849,0.806544
179.888569,0.529209,0.807583
180.088085,0.527834,0.808144
180.288576,0.528850,0.807679
180.488077,0.527486,0.807580
180.688590,0.528511,0.807490
180.888670,0.527702,0.808365
181.088193,0.527880,0.808003
181.287716,0.526824,0.807813
181.488266,0.527627,0.807415
181.687793,0.526574,0.808000
181.888338,0.528251,0.807806
182.087876,0.526359,0.807946
182.288423,0.527572,0.807379
182.487970,0.526751,0.807688
182.688496,0.526958,0.807036
182.888029,0.526579,0.806420
183.088513,0.527825,0.808517
183.288009,0.526931,0.808621
183.488521,0.528117,0.808641
183.688053,0.526381,0.808172
183.888596,0.527696,0.807891
184.088123,0.526544,0.807842
184.288652,0.527014,0.807395
184.488186,0.526171,0.806145
184.687694,0.525495,0.807966
184.888243,0.526782,0.807991
185.087723,0.525137,0.807756
185.288229,0.526486,0.808332
185.487763,0.525551,0.808173
185.688260,0.526462,0.807851
185.887799,0.525246,0.807521
186.088336,0.526236,0.807920
186.287873,0.524444,0.806841
186.488410,0.525834,0.806984
186.687942,0.524757,0.806116
186.888687,0.526651,0.806442
187.088175,0.525649,0.808127
187.287674,0.524541,0.807220
187.488187,0.524593,0.806878
187.687724,0.524632,0.807592
187.888285,0.525811,0.807793
188.087817,0.524599,0.807248
188.288365,0.524808,0.806619
188.487895,0.523796,0.806802
188.688406,0.525402,0.807970
188.887938,0.524933,0.808185
189.088444,0.525568,0.807933
189.287936,0.524513,0.808018
189.488432,0.525338,0.808186
189.687915,0.524380,0.807889
189.888449,0.524939,0.807640
190.087986,0.523393,0.806593
190.288513,0.524675,0.806035
190.488027,0.523783,0.807148
190.688523,0.524403,0.808017
190.888015,0.524036,0.807442
191.088513,0.524461,0.807937
191.288010,0.523657,0.807108
191.488485,0.524434,0.808267
191.688008,0.523326,0.806269
191.888529,0.524789,0.808064
192.088053,0.522316,0.806444
192.288566,0.523632,0.805662
192.488063,0.523421,0.806272
192.688546,0.523911,0.807209
192.888694,0.522897,0.806306
193.088181,0.522588,0.805844
193.287665,0.521736,0.804574
193.488148,0.522665,0.805248
193.687669,0.520357,0.803151
193.888184,0.522137,0.804954
194.087700,0.520310,0.802612
194.288214,0.521034,0.803400
194.487689,0.520278,0.803257
194.688160,0.521186,0.804254
194.887648,0.520073,0.803005
195.088130,0.520974,0.803563
195.288609,0.521583,0.804585
195.488128,0.520007,0.803041
195.688653,0.521297,0.803765
195.888188,0.519948,0.802592
196.087708,0.518685,0.800770
196.288222,0.519354,0.801676
196.487742,0.518322,0.800820
196.688284,0.518601,0.800597
196.887798,0.518568,0.801666
197.088274,0.518851,0.801553
197.287760,0.518570,0.800809
197.488269,0.518641,0.801232
197.687789,0.518761,0.800604
197.888326,0.518686,0.800885
198.087844,0.518671,0.800037
198.288384,0.518661,0.800210
198.487914,0.518119,0.799470
198.688436,0.517991,0.799826
198.888401,0.518727,0.792857
199.087872,0.518408,0.799438
199.288384,0.518524,0.799925
199.487897,0.518603,0.798758
199.688419,0.518620,0.799553
199.887935,0.518174,0.798659
200.088460,0.518249,0.798930
200.287974,0.517386,0.796916
200.488495,0.517662,0.797330
200.688018,0.517877,0.795770
200.888561,0.518127,0.798094
201.088027,0.518134,0.796909
201.288513,0.518102,0.797410
201.488020,0.517993,0.796578
201.688540,0.518602,0.797099
201.888058,0.518474,0.796664
202.088574,0.518416,0.796544
202.288042,0.518859,0.796715
202.488564,0.518248,0.796442
202.688099,0.518850,0.795792
202.888619,0.518518,0.796279
203.088144,0.519054,0.796311
203.287673,0.520365,0.795691
203.488208,0.519399,0.795793
203.687735,0.520459,0.795392
203.888275,0.519899,0.795551
204.087795,0.520362,0.794415
204.288318,0.520000,0.793543
204.487817,0.522106,0.795752
204.688299,0.520704,0.795475
204.888481,0.522500,0.787352
205.088008,0.522599,0.795242
205.288531,0.521359,0.795481
205.488067,0.523326,0.795092
205.688599,0.521947,0.795036
205.888132,0.524017,0.795353
206.088667,0.522612,0.795573
206.288195,0.524127,0.795189
206.487726,0.525336,0.795309
206.688275,0.524568,0.794841
206.887802,0.525901,0.795730
207.088334,0.524842,0.795146
207.287860,0.525801,0.795243
207.488409,0.524051,0.793421
207.687942,0.525481,0.794686
207.888464,0.525078,0.793646
208.087946,0.525854,0.795542
208.288442,0.525363,0.795394
208.487937,0.526582,0.796267
208.688469,0.525613,0.795337
208.888052,0.526710,0.796050
209.088572,0.526280,0.796199
209.288105,0.526861,0.796230
209.488637,0.526241,0.795648
209.688172,0.526934,0.796085
209.887700,0.527832,0.797828
210.088228,0.527179,0.796542
210.287749,0.528095,0.797418
210.488288,0.527047,0.796196
210.687823,0.527295,0.797288
210.888990,0.527039,0.795008
211.088478,0.526771,0.796515
211.287974,0.527916,0.798137
211.488473,0.526841,0.796952
211.688005,0.528160,0.798009
211.888544,0.527365,0.796755
212.088080,0.528256,0.798043
212.288564,0.527351,0.797147
212.488096,0.527429,0.797305
212.688640,0.527342,0.796629
212.888234,0.527594,0.797450
213.087764,0.528371,0.798039
213.288294,0.527384,0.795798
213.487802,0.529090,0.799251
213.688314,0.527781,0.797351
213.887811,0.529512,0.799804
214.088326,0.528240,0.797900
214.287851,0.529441,0.799328
214.488405,0.528577,0.797653
214.687934,0.529561,0.799489
214.888412,0.528442,0.798679
215.087933,0.530078,0.800376
215.288459,0.527786,0.797444
215.487991,0.529070,0.798590
215.688513,0.528568,0.796618
215.888008,0.530007,0.800164
216.088482,0.528980,0.799212
216.287963,0.530252,0.799937
216.488479,0.529304,0.798779
216.687979,0.529936,0.799691
216.888790,0.529012,0.800082
217.088259,0.530006,0.800069
217.287792,0.531518,0.800638
217.488335,0.530376,0.799563
217.687869,0.531126,0.801374
217.888373,0.530027,0.799296
218.087904,0.530934,0.800448
218.288449,0.529845,0.798999
218.487981,0.530192,0.799518
218.688513,0.529578,0.797696
218.888028,0.531069,0.800551
219.088504,0.529746,0.799726
219.288003,0.531048,0.800579
219.488537,0.530155,0.799676
219.688055,0.530924,0.800462
219.888586,0.530315,0.800173
220.088104,0.531091,0.800633
220.288636,0.529916,0.799660
220.488166,0.531046,0.800446
220.687691,0.531570,0.801265
220.888288,0.531122,0.799964
221.087821,0.531899,0.800968
221.288365,0.530054,0.799160
221.487908,0.531463,0.799719
221.688421,0.531015,0.800062
221.887910,0.531848,0.801472
222.088410,0.530943,0.800717
222.287944,0.531926,0.801721
222.488425,0.531432,0.801192
222.687952,0.532104,0.801540
222.888626,0.531263,0.800909
223.088157,0.532126,0.801700
223.287685,0.532564,0.802338
223.488220,0.531657,0.801445
223.687730,0.532549,0.802372
223.888270,0.532033,0.801553
224.087803,0.532310,0.802251
224.288328,0.531053,0.800264
224.487838,0.531949,0.800561
224.688339,0.532111,0.801370
224.887874,0.532587,0.802194
225.088366,0.531977,0.801118
225.287876,0.532611,0.802341
225.488417,0.532487,0.801372
225.687928,0.532581,0.801692
225.888465,0.532854,0.801556
226.088009,0.533424,0.802190
226.288551,0.532386,0.801543
226.488081,0.532868,0.801825
226.688616,0.532449,0.800986
226.888139,0.533376,0.801820
227.087675,0.533165,0.802067
227.288221,0.532973,0.801401
227.487756,0.532398,0.801301
227.688301,0.532843,0.799827
227.887818,0.533273,0.802225
228.088306,0.533001,0.801686
228.287806,0.533162,0.802347
228.488335,0.533466,0.801383
228.687846,0.532962,0.801947
228.888486,0.533135,0.801655
229.088018,0.533226,0.802165
229.288550,0.533292,0.801442
229.488090,0.533389,0.801857
229.688627,0.533084,0.801196
229.888155,0.533191,0.802408
230.087687,0.533653,0.802835
230.288214,0.532379,0.800058
230.487737,0.532956,0.801493
230.688233,0.533056,0.802268
230.887711,0.533294,0.803522
231.088206,0.533026,0.802030
231.287700,0.533263,0.803297
231.488233,0.533229,0.801967
231.687763,0.533333,0.803010
231.888297,0.533193,0.802134
232.087832,0.533348,0.803214
232.288364,0.533343,0.802055
232.487902,0.533506,0.803124
232.688437,0.533061,0.801968
232.888017,0.532829,0.802625
233.088552,0.532582,0.801216
233.288055,0.533507,0.803213
233.488536,0.533111,0.802460
233.688015,0.533460,0.803474
233.888520,0.533106,0.802724
234.088045,0.533540,0.803571
234.288569,0.533361,0.802448
234.488098,0.533459,0.803457
234.688639,0.533295,0.802287
234.888312,0.533624,0.803458
235.087843,0.533348,0.804483
235.288398,0.533014,0.801670
235.487934,0.533185,0.802082
235.688440,0.533400,0.802973
235.887930,0.533750,0.805029
236.088427,0.533480,0.803682
236.287914,0.533751,0.804578
236.488414,0.533554,0.803588
236.687946,0.533532,0.804445
236.888526,0.533863,0.803693
237.088067,0.533689,0.804203
237.288601,0.533577,0.803499
237.488129,0.533555,0.804358
237.688671,0.532460,0.801914
237.888202,0.532955,0.803867
238.087682,0.533451,0.805878
238.288181,0.533445,0.804817
238.487678,0.533546,0.805642
238.688180,0.533394,0.804770
238.887714,0.534237,0.806164
239.088241,0.533855,0.805113
239.287770,0.533588,0.805792
239.488296,0.533819,0.805078
239.687825,0.533838,0.805685
239.888363,0.533783,0.805126
240.087888,0.533007,0.804930
240.288421,0.533434,0.805000
240.487959,0.533074,0.804948
240.688485,0.533113,0.803565
240.888036,0.533655,0.806657
241.088508,0.533397,0.805765
241.288002,0.533642,0.806365
241.488494,0.533702,0.805719
241.688020,0.533585,0.806013
241.888554,0.533540,0.805945
242.088084,0.533889,0.806052
242.288623,0.534126,0.805226
242.488158,0.532794,0.804820
242.687686,0.532264,0.804230
242.888182,0.533446,0.806218
243.087666,0.533441,0.807090
243.288180,0.533351,0.807187
243.487713,0.532839,0.806293
243.688240,0.533433,0.806478
243.887767,0.532940,0.806577
244.088309,0.533120,0.806082
244.287833,0.532447,0.806393
244.488358,0.532659,0.805330
244.687892,0.532170,0.804596
244.888432,0.533470,0.806160
245.087918,0.532712,0.806881
245.288413,0.533191,0.806568
245.487908,0.532234,0.806582
245.688424,0.532750,0.805752
245.887934,0.531977,0.806400
246.088467,0.532750,0.805915
246.287996,0.531913,0.806634
246.488540,0.532684,0.806109
246.688073,0.531770,0.806203
246.888612,0.532758,0.806003
247.088151,0.531543,0.806451
247.287682,0.530351,0.807054
247.488209,0.530881,0.805482
247.687740,0.529493,0.805091
247.888217,0.531187,0.807168
248.087696,0.529584,0.807034
248.288190,0.530899,0.806546
248.487684,0.528994,0.806858
248.688225,0.530587,0.806613
248.887801,0.529138,0.807146
249.088333,0.530813,0.806480
249.287869,0.528635,0.806752
249.488407,0.530392,0.806504
249.687939,0.528764,0.806818
249.888475,0.530175,0.807051
250.088005,0.528225,0.806656
250.288532,0.529475,0.806945
250.488060,0.528325,0.806901
250.688589,0.529320,0.806526
250.888117,0.527503,0.806248
251.088651,0.528709,0.805465
251.288151,0.528086,0.807517
251.487632,0.526784,0.807506
251.688125,0.527774,0.807805
251.888630,0.528239,0.807670
252.088123,0.526837,0.807067
252.288619,0.527517,0.807270
252.488115,0.526786,0.807336
252.688651,0.526932,0.806401
252.888235,0.526225,0.806812
253.087765,0.524385,0.805332
253.288301,0.525831,0.805418
253.487804,0.525269,0.806699
253.688306,0.525780,0.806187
253.887803,0.524680,0.805940
254.088336,0.525538,0.806822
254.287837,0.524456,0.805697
254.488369,0.525506,0.806352
254.687900,0.524543,0.805543
254.888433,0.525101,0.806357
255.087968,0.524281,0.805143
255.288498,0.524155,0.805036
255.488027,0.523948,0.803648
255.688536,0.524750,0.806030
255.888022,0.524129,0.804992
256.088516,0.524467,0.805613
256.288049,0.523505,0.804280
256.488560,0.524200,0.805602
256.688089,0.523658,0.803737
256.888675,0.524784,0.805184
257.088200,0.522988,0.803578
257.287725,0.521831,0.802309
257.488270,0.522841,0.803129
257.687801,0.521713,0.802392
257.888333,0.522226,0.802766
258.087856,0.520787,0.801489
258.288402,0.522289,0.801313
258.487910,0.520983,0.801676
258.688421,0.522115,0.802215
258.887904,0.521087,0.802422
259.088395,0.521539,0.802290
259.287879,0.520394,0.801855
259.488418,0.521373,0.801786
259.687940,0.520248,0.801350
259.888471,0.521509,0.801932
260.087999,0.520103,0.800608
260.288528,0.520232,0.800740
260.488029,0.519912,0.800417
260.688534,0.520626,0.801239
260.888047,0.519777,0.800859
261.088545,0.520128,0.801466
261.288056,0.519445,0.799973
261.488571,0.519929,0.800822
261.688100,0.519253,0.799977
261.888616,0.520171,0.800978
262.088147,0.519620,0.799802
262.287686,0.519334,0.799209
262.488211,0.519467,0.800241
262.687736,0.519633,0.799220
262.888281,0.519743,0.799700
263.087807,0.519132,0.798755
263.288340,0.519241,0.799406
263.487873,0.519262,0.798748
263.688414,0.518769,0.798410
263.887954,0.518824,0.797863
264.088474,0.519338,0.798235
264.287981,0.519468,0.798902
264.488466,0.519661,0.799842
264.687958,0.519009,0.798664
264.888522,0.519556,0.799401
265.088031,0.519021,0.797918
265.288557,0.519684,0.798969
265.488093,0.519445,0.797980
265.688625,0.519529,0.799091
265.888169,0.519249,0.797441
266.087698,0.519041,0.796472
266.288225,0.518416,0.796807
266.487758,0.518001,0.795346
266.688295,0.518821,0.796154
266.887773,0.518685,0.796917
267.088268,0.519057,0.797348
267.287799,0.518910,0.796091
267.488315,0.518876,0.796537
267.687849,0.519460,0.796947
267.888413,0.518580,0.796436
268.087949,0.519273,0.795884
268.288483,0.519424,0.796957
268.488022,0.519207,0.796142
268.688553,0.519589,0.797395
268.888136,0.519111,0.796558
269.087663,0.518548,0.795003
269.288193,0.518154,0.794892
269.487728,0.518246,0.794208
269.688322,0.518879,0.793428
269.887801,0.518859,0.795725
270.088304,0.518749,0.795466
270.287796,0.519175,0.795169
270.488272,0.518664,0.795344
270.687862,0.518859,0.792910
270.888426,0.518969,0.794951
271.087952,0.518760,0.794474
271.288480,0.517984,0.794162
271.487975,0.519156,0.795135
271.688490,0.518735,0.794962
271.887989,0.519417,0.794983
272.088481,0.518722,0.795191
272.287969,0.519744,0.795220
272.488499,0.518899,0.794566
272.688052,0.519840,0.794690
272.888624,0.518712,0.794860
273.088152,0.519582,0.794784
273.287683,0.520640,0.793851
273.488214,0.518742,0.793351
273.687700,0.520906,0.794835
273.888181,0.520407,0.795203
274.087668,0.521538,0.794316
274.288192,0.520582,0.794559
274.487697,0.522138,0.794260
274.688221,0.520918,0.794344
274.887755,0.523047,0.794351
275.088289,0.521492,0.794175
275.287821,0.523176,0.794414
275.488359,0.521929,0.793677
275.687886,0.523445,0.794154
275.888416,0.522234,0.794380
276.087943,0.523692,0.793736
276.288474,0.521757,0.793337
276.488002,0.523891,0.792164
276.688513,0.522992,0.793942
276.888052,0.524355,0.793979
277.088548,0.522860,0.793609
277.288085,0.525001,0.793526
277.488593,0.523495,0.793992
277.688121,0.525256,0.793557
277.888653,0.524450,0.793984
278.088189,0.525503,0.793677
278.287713,0.525968,0.793698
278.488243,0.525384,0.792350
278.687744,0.526823,0.794555
278.888219,0.526144,0.794781
279.087707,0.527512,0.794946
279.288242,0.526477,0.794418
279.487746,0.527565,0.795293
279.688287,0.527051,0.794107
279.887821,0.528057,0.795545
280.088357,0.527423,0.794148
280.287892,0.528040,0.795247
280.488423,0.527227,0.794666
280.687945,0.527742,0.794983
280.888530,0.527027,0.794100
281.088010,0.528409,0.796376
281.288505,0.527778,0.795614
281.487999,0.529108,0.797227
281.688513,0.528067,0.795498
281.888033,0.529399,0.797327
282.088527,0.528406,0.796615
282.288052,0.529866,0.797750
282.488583,0.528902,0.796516
282.688116,0.529916,0.797847
282.888671,0.529167,0.797583
283.088197,0.529471,0.797401
283.287730,0.530949,0.797550
283.488232,0.530588,0.798391
283.687700,0.531820,0.800173
283.888203,0.530802,0.799217
284.087725,0.532147,0.800053
284.288258,0.531216,0.799979
284.487787,0.532518,0.800352
284.688320,0.531428,0.798958
284.887889,0.532541,0.800939
285.088404,0.531873,0.799652
285.287929,0.532781,0.800452
285.488454,0.532252,0.799804
285.687979,0.532424,0.800482
285.888498,0.532137,0.799479
286.088002,0.533003,0.800465
286.288493,0.532217,0.799989
286.487961,0.532801,0.801435
286.688438,0.532492,0.801030
286.887927,0.533088,0.801926
287.088451,0.533096,0.800966
287.287945,0.532723,0.801939
287.488475,0.533026,0.801422
287.687998,0.533244,0.801914
287.888517,0.533227,0.801930
288.088039,0.533311,0.802341
288.288556,0.532907,0.802050
288.488079,0.533320,0.802586
288.688599,0.533007,0.801661
288.888175,0.533218,0.803440
289.087709,0.533328,0.803520
289.288233,0.532924,0.802070
289.487768,0.532278,0.802865
289.688300,0.532508,0.801064
289.887796,0.533016,0.804152
290.088268,0.533434,0.803178
290.287759,0.533246,0.805073
290.488261,0.533212,0.803873
290.687763,0.533316,0.805094
290.888282,0.533382,0.804242
291.087808,0.533703,0.805617
291.288342,0.533581,0.804251
291.487862,0.533390,0.805496
291.688402,0.533539,0.804274
291.887923,0.533567,0.806021
292.088439,0.533271,0.804699
292.287964,0.533636,0.805566
292.488490,0.533399,0.805034
292.688020,0.532161,0.804210
292.888603,0.533193,0.803968
293.088075,0.533155,0.806069
293.288570,0.533206,0.805514
293.488059,0.532959,0.806273
293.688560,0.533581,0.806096
293.888060,0.533116,0.806227
294.088583,0.533388,0.806035
294.288114,0.532935,0.806617
294.488639,0.533786,0.807219
294.688160,0.533051,0.806416
294.887695,0.531949,0.807002
295.088213,0.532587,0.806391
295.287739,0.530866,0.805835
295.488273,0.531946,0.805112
295.687762,0.531043,0.807036
295.888249,0.532426,0.806721
296.087737,0.530916,0.806952
296.288275,0.532024,0.806499
296.487779,0.530368,0.807001
296.688323,0.531616,0.806256
296.887900,0.530342,0.807073
297.088417,0.531518,0.806493
297.287956,0.529149,0.805782
297.488499,0.530770,0.804871
297.687986,0.529243,0.806706
297.888466,0.530700,0.807021
298.087950,0.528380,0.806371
298.288448,0.529236,0.806435
298.487972,0.527877,0.805925
298.688490,0.529445,0.806563
298.888011,0.528033,0.807064
299.088478,0.528791,0.807084
299.288001,0.527195,0.806898
299.488524,0.528623,0.806644
299.688044,0.527140,0.807256
299.888570,0.527934,0.806693
300.088089,0.526058,0.805975
300.288610,0.526932,0.806286
300.488110,0.526504,0.807399
300.688575,0.527222,0.807183
300.888108,0.525848,0.807162
301.088594,0.526752,0.807257
301.288096,0.525285,0.806608
301.488606,0.526124,0.806860
301.688131,0.525237,0.806418
301.887664,0.524289,0.805896
302.088189,0.525017,0.806554
302.287703,0.524192,0.805499
302.488228,0.524882,0.806419
302.687750,0.524244,0.805501
302.888290,0.525051,0.806724
303.087813,0.523524,0.804513
303.288349,0.524122,0.805083
303.487879,0.522340,0.803557
303.688411,0.523437,0.804494
303.887951,0.522433,0.802066
304.088419,0.523545,0.804949
304.287906,0.521953,0.803142
304.488435,0.522939,0.804209
304.687947,0.521441,0.802074
304.888525,0.522725,0.803479
305.088044,0.521337,0.802180
305.288573,0.522417,0.803150
305.488104,0.520935,0.802058
305.688623,0.521809,0.802414
305.888167,0.520508,0.801599
306.087696,0.519620,0.800335
306.288222,0.519946,0.801236
306.487750,0.518283,0.798893
306.688284,0.519232,0.799237
306.887767,0.519157,0.800443
307.088256,0.519298,0.800413
307.287758,0.518768,0.799657
307.488273,0.519008,0.799744
307.687771,0.518892,0.799248
307.888285,0.519110,0.799705
308.087795,0.518791,0.799106
308.288325,0.518760,0.799251
308.487854,0.518828,0.798566
308.688404,0.519149,0.799087
308.887990,0.519194,0.798884
309.088526,0.518956,0.799452
309.288011,0.518518,0.797029
309.488540,0.518428,0.798234
309.688066,0.518365,0.797561
309.888606,0.518954,0.798349
310.088145,0.518423,0.796622
310.287684,0.517545,0.794764
310.488232,0.518000,0.795189
310.687743,0.518621,0.796198
310.888245,0.518450,0.796499
311.087739,0.517998,0.795363
311.288231,0.518324,0.795661
311.487756,0.518347,0.795084
311.688285,0.518504,0.795648
311.887816,0.518700,0.795028
312.088354,0.518150,0.795093
312.287872,0.518538,0.794867
312.488393,0.518542,0.795523
312.687921,0.519004,0.794799
312.888519,0.518656,0.795317
313.088050,0.519134,0.794335
313.288571,0.518775,0.794763
313.488098,0.519353,0.794433
313.688619,0.517901,0.793795
313.888149,0.518781,0.794180
314.087664,0.520454,0.793412
314.288155,0.519833,0.794775
314.487629,0.521751,0.794439
314.688117,0.520691,0.794608
314.888618,0.519792,0.795039
315.088120,0.521136,0.793978
315.288634,0.520175,0.794470
315.488162,0.521879,0.794292
315.687691,0.523725,0.793908
315.888226,0.522694,0.794501
316.087755,0.524216,0.794202
316.288333,0.522984,0.794036
316.487865,0.524413,0.793932
316.688402,0.523436,0.793956
316.887830,0.525205,0.794603
317.088354,0.524088,0.793819
317.287881,0.525106,0.793743
317.488410,0.523537,0.793329
317.687944,0.524581,0.793054
317.888447,0.524957,0.794389
318.087925,0.526034,0.794436
318.288413,0.524843,0.793966
318.487909,0.526267,0.794785
318.688432,0.525596,0.794110
318.887966,0.526959,0.795243
319.088485,0.525979,0.794517
319.288011,0.527066,0.795343
319.488538,0.526105,0.794456
319.688068,0.527504,0.795086
319.888597,0.526572,0.794768
320.088151,0.527144,0.795383
320.287689,0.527918,0.795633
320.488225,0.527205,0.793617
320.687735,0.528293,0.796982
320.888290,0.527586,0.795685
321.087760,0.528562,0.797278
321.288261,0.527968,0.795759
321.487761,0.529177,0.797790
321.688285,0.528131,0.796168
321.887791,0.529649,0.798324
322.088305,0.528521,0.796624
322.287819,0.529815,0.798216
322.488353,0.528965,0.797272
322.687879,0.530159,0.798616
322.888409,0.529452,0.797843
323.087923,0.530518,0.799148
323.288439,0.529740,0.798384
323.487958,0.530854,0.799086
323.688471,0.529706,0.798210
323.888002,0.531228,0.799230
324.088521,0.529289,0.797379
324.288059,0.530861,0.798857
324.488588,0.529995,0.798125
324.688087,0.531582,0.800260
324.888609,0.531289,0.799671
325.088094,0.531886,0.800700
325.288623,0.531766,0.800252
325.488131,0.532262,0.801013
325.688650,0.532001,0.800077
325.888178,0.532540,0.801054
326.087696,0.532779,0.802484
326.288221,0.532717,0.801571
326.487748,0.532799,0.802007
326.688280,0.532513,0.801485
326.887823,0.532278,0.801908
327.088369,0.532103,0.800511
327.287906,0.532141,0.801385
327.488441,0.531400,0.800319
327.688013,0.532070,0.801895
327.888548,0.531669,0.800969
328.088083,0.532125,0.802028
328.288617,0.531544,0.800594
328.488101,0.532971,0.803363
328.688577,0.532538,0.802468
328.888123,0.532941,0.803642
329.088617,0.532796,0.802727
329.288129,0.532725,0.803810
329.488661,0.533131,0.803359
329.688178,0.533041,0.803972
329.887715,0.532992,0.805356
330.088262,0.533312,0.803875
330.287800,0.533009,0.805097
330.488343,0.532926,0.804334
330.687872,0.533109,0.805808
330.888434,0.533251,0.804832
331.087963,0.533079,0.805840
331.288496,0.532938,0.805169
331.488036,0.533077,0.806110
331.688580,0.532293,0.804564
331.888127,0.532930,0.804402
332.088613,0.533331,0.805858
332.288107,0.532908,0.806736
332.488608,0.533145,0.806231
332.688124,0.532718,0.806055
332.888683,0.533039,0.805859
333.088193,0.532526,0.806709
333.287729,0.532099,0.806748
333.488270,0.532412,0.806049
333.687813,0.531650,0.806475
333.888369,0.532465,0.806083
334.087898,0.531374,0.806695
334.288440,0.531631,0.805795
334.487970,0.530077,0.805860
334.688504,0.530912,0.805415
334.888018,0.530726,0.806891
335.088504,0.531175,0.806715
335.287992,0.529557,0.806880
335.488497,0.530894,0.807039
335.688007,0.529134,0.806648
335.888523,0.530303,0.806591
336.088038,0.528418,0.807038
336.288560,0.529906,0.807010
336.488092,0.528020,0.806816
336.688620,0.529367,0.807068
336.888205,0.528804,0.808104
337.087676,0.526517,0.808183
337.288218,0.526632,0.806453
337.487759,0.525172,0.806396
337.688346,0.526742,0.805863
337.887827,0.525862,0.807372
338.088336,0.526631,0.806881
338.287847,0.525025,0.806904
338.488401,0.526367,0.807011
338.687928,0.525098,0.806899
338.888473,0.525845,0.807139
339.087996,0.524867,0.806850
339.288532,0.525479,0.806908
339.488061,0.524323,0.806504
339.688604,0.524788,0.806048
339.888137,0.524374,0.806384
340.087676,0.523288,0.804393
340.288223,0.523210,0.804514
340.487753,0.521818,0.803224
340.688297,0.522422,0.804173
340.887890,0.522117,0.802707
341.088373,0.523478,0.804831
341.287898,0.521577,0.803244
341.488393,0.523067,0.804721
341.687892,0.521471,0.802915
341.888445,0.522591,0.803683
342.087973,0.520958,0.802452
342.288529,0.520971,0.802446
342.488060,0.519920,0.801463
342.688597,0.520836,0.801987
342.888163,0.520336,0.800812
343.087645,0.519448,0.801714
343.288147,0.520014,0.801765
343.487682,0.519089,0.800406
343.688214,0.519585,0.801241
343.887755,0.519078,0.800438
344.088279,0.519177,0.800508
344.287805,0.518861,0.800026
344.488358,0.519424,0.800496
344.687893,0.518779,0.799911
344.888420,0.518777,0.800783
345.087948,0.518231,0.799243
345.288480,0.517369,0.798146
345.488012,0.518128,0.797966
345.688546,0.517825,0.798834
345.888095,0.518545,0.800048
346.088582,0.518725,0.799990
346.288094,0.518427,0.798429
346.488602,0.518593,0.799622
346.688116,0.518269,0.798427
346.888639,0.518423,0.799259
347.088157,0.518115,0.798071
347.287718,0.518241,0.796320
347.488283,0.518329,0.797114
347.687762,0.518243,0.797209
347.888306,0.518380,0.797512
348.087842,0.518089,0.796025
348.288420,0.518238,0.795992
348.487971,0.517415,0.795142
348.688503,0.517322,0.796125
348.888075,0.518223,0.795596
349.088563,0.517895,0.796857
349.288093,0.518157,0.796188
349.488634,0.518637,0.796612
349.688144,0.518468,0.796233
349.887689,0.518594,0.795730
350.088218,0.518194,0.795645
350.287787,0.518831,0.794820
350.488330,0.518280,0.794838
350.687861,0.518704,0.795074
350.888410,0.518347,0.795010
351.087939,0.518842,0.794836
351.288501,0.517785,0.794181
351.488045,0.518750,0.793275
351.688552,0.518235,0.794525
351.888056,0.519547,0.795543
352.088540,0.518576,0.794971
352.288054,0.519443,0.794937
352.488560,0.518992,0.795030
352.688078,0.519840,0.794471
352.888668,0.519445,0.794736
353.088185,0.520082,0.794349
353.287726,0.521915,0.794568
353.488292,0.520649,0.793919
353.687840,0.522245,0.794395
353.888404,0.520827,0.794207
354.087930,0.522217,0.794608
354.288468,0.520139,0.793748
354.488001,0.521897,0.793827
354.688542,0.520840,0.792896
354.888049,0.522943,0.794965
355.088522,0.521529,0.795005
355.288004,0.523173,0.794818
355.488493,0.521989,0.794763
355.687998,0.523596,0.794501
355.888522,0.522573,0.794950
356.088045,0.523908,0.794375
356.288568,0.522676,0.794530
356.488096,0.523929,0.794541
356.688627,0.523077,0.794521
356.888203,0.524358,0.794086
357.087730,0.525135,0.794655
357.288267,0.523369,0.793239
357.487794,0.524429,0.793509
357.688329,0.523779,0.793057
357.887839,0.525698,0.795209
358.088324,0.524438,0.794519
358.287814,0.525717,0.794893
358.488346,0.524681,0.794044
358.687851,0.525681,0.795169
358.888404,0.525099,0.794034
359.087920,0.526064,0.794916
359.288439,0.525298,0.794820
359.487975,0.526193,0.794853
359.688497,0.525565,0.795051
359.887972,0.526876,0.795809
360.088506,0.525831,0.794714
360.288043,0.526641,0.795388
360.488585,0.525066,0.794239
360.688125,0.526284,0.794707
360.888702,0.526234,0.794861
361.088190,0.526896,0.795804
361.287695,0.527651,0.796973
361.488200,0.526964,0.796123
361.687726,0.527992,0.796831
361.888281,0.526436,0.794768
362.087819,0.528296,0.797291
362.288366,0.527123,0.795736
362.487914,0.528809,0.797180
362.688446,0.527426,0.796882
362.887983,0.528635,0.798179
363.088500,0.527692,0.796608
363.287976,0.528984,0.798347
363.488502,0.527086,0.796147
363.688022,0.529008,0.798250
363.888555,0.528106,0.797379
364.088090,0.528771,0.797936
364.288623,0.527841,0.796351
364.488167,0.528922,0.797939
364.687691,0.530805,0.800185
364.888239,0.529722,0.798875
365.087719,0.530831,0.800233
365.288216,0.529760,0.799404
365.487716,0.531327,0.800622
365.688293,0.530235,0.798077
365.887830,0.531227,0.800434
366.088369,0.530344,0.799241
366.287840,0.531303,0.800743
366.488391,0.530263,0.798438
366.687914,0.531346,0.800838
366.888400,0.531143,0.800852
367.087931,0.531109,0.800312
367.288435,0.531414,0.800494
367.487922,0.531763,0.801873
367.688412,0.531377,0.800979
367.887941,0.532018,0.801594
368.088478,0.531728,0.800927
368.288010,0.532071,0.801906
368.488562,0.531901,0.801279
368.688090,0.532303,0.801823
368.888674,0.531917,0.801473
369.088194,0.532074,0.802153
369.287733,0.532129,0.802981
369.488292,0.531918,0.801820
369.687828,0.532098,0.802371
369.888378,0.531846,0.801965
370.087917,0.531414,0.802541
370.288456,0.531613,0.800592
370.487967,0.532223,0.803454
370.688450,0.531887,0.802559
370.887961,0.532243,0.803922
371.088481,0.532629,0.802524
371.287990,0.531977,0.803920
371.488504,0.531934,0.802699
371.688037,0.532409,0.804335
371.888576,0.532613,0.803453
372.088113,0.532534,0.803851
372.288653,0.532138,0.802906
372.488186,0.532136,0.804496
372.687708,0.532524,0.805555
372.888823,0.532747,0.804854
373.088363,0.532372,0.803251
373.287895,0.532168,0.805415
373.488418,0.532269,0.804603
373.687942,0.532239,0.805410
373.888466,0.532143,0.804092
374.087986,0.531471,0.804967
374.288509,0.531732,0.803904
374.488039,0.532132,0.803729
374.688540,0.532112,0.804331
374.888011,0.532494,0.806462
375.088498,0.531819,0.804506
375.287983,0.532063,0.805205
375.488501,0.532091,0.804868
375.688008,0.531694,0.805727
375.888512,0.531998,0.805165
376.088019,0.532237,0.805928
376.288542,0.532477,0.805092
376.488065,0.532358,0.806116
376.688535,0.532097,0.806092
376.888071,0.532479,0.805891
377.088588,0.531556,0.804729
377.288112,0.531658,0.805540
377.488642,0.532235,0.804526
377.688137,0.532417,0.806235
377.887614,0.531717,0.807208
378.088103,0.531934,0.806495
378.288586,0.532198,0.806177
378.488099,0.531683,0.806123
378.688597,0.531974,0.806222
378.888502,0.532369,0.804896
379.088021,0.531922,0.806535
379.288543,0.532398,0.806492
379.488066,0.532134,0.807503
379.688594,0.532525,0.806993
379.888134,0.531878,0.806922
380.087664,0.530820,0.806754
380.288185,0.531505,0.806598
380.487709,0.530665,0.806901
380.688250,0.531516,0.805901
380.887800,0.530266,0.806605
381.088333,0.530557,0.805521
381.287864,0.529453,0.805914
381.488400,0.531475,0.805552
381.687867,0.530267,0.807259
381.888370,0.531205,0.807062
382.087876,0.529707,0.807129
382.288408,0.531112,0.806703
382.487934,0.529600,0.807326
382.688458,0.530633,0.807033
382.887995,0.529740,0.807529
383.088542,0.531104,0.806965
383.288076,0.529026,0.807268
383.488607,0.530348,0.807373
383.688142,0.528960,0.807680
383.887679,0.527420,0.807596
384.088214,0.528545,0.807258
384.287750,0.526913,0.807458
384.488285,0.528467,0.807500
384.687824,0.526771,0.807205
384.888523,0.528247,0.806908
385.088061,0.526424,0.806687
385.288571,0.528287,0.807479
385.488060,0.526972,0.807851
385.688563,0.528171,0.807332
385.888065,0.526465,0.808275
386.088584,0.527878,0.807980
386.288102,0.526306,0.807812
386.488618,0.527358,0.807589
386.688153,0.526109,0.808113
386.887700,0.525438,0.808089
387.088252,0.526235,0.807319
387.287730,0.524762,0.807970
387.488276,0.525405,0.807024
387.687811,0.524685,0.807289
387.888357,0.525923,0.807599
388.087894,0.524464,0.806489
388.288441,0.525440,0.806866
388.487954,0.524674,0.807622
388.688433,0.525563,0.808055
388.887944,0.524339,0.807650
389.088436,0.525137,0.807764
389.287934,0.524012,0.807307
389.488452,0.525537,0.808272
389.687981,0.524093,0.807387
389.888515,0.525019,0.808088
390.088039,0.523933,0.807092
390.288566,0.524645,0.807622
390.488099,0.523506,0.807063
390.688629,0.524470,0.807417
390.888382,0.524102,0.805726
391.087906,0.523182,0.806293
391.288439,0.523245,0.806414
391.487972,0.522213,0.805689
391.688507,0.523399,0.806329
391.888018,0.523124,0.806526
392.088497,0.523624,0.807148
392.287993,0.522788,0.806412
392.488520,0.523591,0.806973
392.688030,0.522606,0.805806
392.888551,0.523309,0.806766
393.088089,0.522801,0.806419
393.288620,0.523600,0.806972
393.488152,0.522518,0.805604
393.687678,0.521384,0.804474
393.888209,0.522632,0.805995
394.087738,0.521486,0.804356
394.288281,0.522552,0.805161
394.487805,0.521338,0.804003
394.688355,0.522055,0.804625
394.887900,0.521545,0.804242
395.088430,0.522199,0.805310
395.287957,0.520459,0.803188
395.488492,0.521857,0.804916
395.687991,0.521112,0.804198
395.888473,0.522602,0.805980
396.087969,0.521234,0.804132
396.288467,0.521882,0.805632
396.487984,0.520884,0.803396
396.688497,0.522341,0.805136
396.888195,0.521541,0.804619
397.087738,0.520456,0.803037
397.288271,0.521204,0.803598
397.487806,0.520028,0.802855
397.688352,0.521176,0.803641
397.887878,0.520017,0.803045
398.088407,0.520484,0.803153
398.287934,0.519293,0.802303
398.488487,0.520760,0.802233
398.687996,0.520101,0.803075
398.888482,0.521072,0.804428
399.087974,0.519830,0.803024
399.288470,0.520885,0.804223
399.487985,0.519801,0.802873
399.688506,0.520607,0.803620
399.888039,0.519828,0.802780
400.088562,0.520805,0.803938
400.288091,0.519664,0.802921
400.488615,0.521007,0.803500
400.688141,0.519398,0.802699
400.887670,0.518629,0.802281
401.088204,0.519774,0.802755
401.287725,0.518790,0.801874
401.488265,0.519826,0.802207
401.687786,0.518705,0.802290
401.888327,0.519925,0.802876
402.087847,0.518123,0.800981
402.288395,0.519417,0.800895
402.487887,0.518636,0.802262
402.688371,0.519493,0.803104
402.887968,0.518794,0.803361
403.088475,0.519356,0.802605
403.287976,0.518279,0.801849
403.488481,0.519330,0.802561
403.688004,0.518832,0.801896
403.888528,0.519542,0.802782
404.088054,0.518765,0.801736
404.288573,0.519340,0.802898
404.488096,0.518244,0.801663
404.688448,0.518620,0.802048
404.887977,0.518420,0.802070
405.088501,0.519133,0.802843
405.288021,0.518373,0.802159
405.488549,0.518697,0.801826
405.688091,0.517444,0.799885
405.888632,0.518472,0.800772
406.088096,0.518152,0.801444
406.288581,0.518476,0.801972
406.488073,0.517643,0.801265
406.688570,0.518210,0.801584
406.888074,0.517818,0.800780
407.088573,0.517750,0.801077
407.288104,0.517925,0.800725
407.488628,0.517971,0.801245
407.688173,0.518051,0.800788
407.887704,0.517890,0.800113
408.088221,0.517562,0.800363
408.287749,0.517607,0.799637
408.488279,0.517593,0.800237
408.687799,0.517423,0.799324
408.888310,0.517609,0.799945
409.087828,0.517163,0.798493
409.288366,0.516883,0.798526
409.487890,0.516365,0.798135
409.688408,0.517462,0.799211
409.887889,0.517610,0.799107
410.088382,0.517142,0.799314
410.287867,0.516957,0.798352
410.488389,0.517168,0.799274
410.687906,0.517432,0.798399
410.888427,0.517638,0.799383
411.087946,0.517278,0.798118
411.288479,0.517449,0.799066
411.487997,0.517655,0.798250
411.688523,0.517491,0.798715
411.888060,0.517867,0.798029
412.088585,0.517563,0.798485
412.288104,0.516732,0.796385
412.488626,0.516612,0.797551
412.688161,0.516950,0.795298
412.887666,0.517135,0.797002
413.088133,0.517241,0.797277
413.287625,0.517217,0.795970
413.488113,0.516849,0.796518
413.688624,0.517107,0.797207
413.888127,0.517263,0.796540
414.088659,0.517454,0.796567
414.288177,0.517489,0.796026
414.487693,0.517327,0.795248
414.688209,0.517424,0.796320
414.887742,0.518743,0.796378
415.088290,0.517328,0.795072
415.287811,0.518062,0.795710
415.488349,0.516963,0.794923
415.687881,0.518240,0.794213
415.888415,0.517938,0.794874
416.087892,0.518615,0.796022
416.288379,0.518151,0.796277
416.487870,0.519312,0.795813
416.688368,0.518208,0.795550
416.887857,0.519973,0.795893
417.088397,0.519248,0.795478
417.287907,0.520559,0.795536
417.488424,0.519502,0.795532
417.687948,0.520913,0.795488
417.888484,0.519927,0.795887
418.088001,0.521596,0.795354
418.288520,0.519882,0.795180
418.488039,0.521003,0.794590
418.688569,0.519772,0.793926
418.888063,0.522253,0.795710
419.088532,0.520813,0.795457
419.288017,0.522321,0.795478
419.488519,0.521402,0.795667
419.688020,0.523129,0.795303
419.888521,0.522214,0.795634
420.088047,0.523966,0.795284
420.288572,0.522564,0.795695
420.488099,0.524057,0.794967
420.688627,0.523329,0.795486
420.888157,0.524458,0.795908
421.087671,0.525694,0.795970
421.288195,0.524560,0.795636
421.487712,0.525621,0.796195
421.688235,0.524732,0.795561
421.887754,0.525954,0.796491
422.088292,0.525049,0.795214
422.287826,0.526396,0.796901
422.488355,0.525240,0.795924
422.687878,0.525524,0.796041
422.888401,0.524768,0.795354
423.087930,0.526095,0.794933
423.288432,0.525731,0.795955
423.487904,0.526431,0.797336
423.688377,0.526097,0.796727
423.887869,0.526813,0.798077
424.088383,0.525894,0.796547
424.287893,0.527201,0.798154
424.488389,0.526289,0.796974
424.687892,0.527400,0.798532
424.888418,0.527005,0.797760
425.087931,0.528223,0.799306
425.288452,0.527190,0.797732
425.487963,0.528073,0.799482
425.688480,0.527190,0.798202
425.888014,0.528779,0.799660
426.088536,0.527481,0.798023
426.288012,0.528446,0.800092
426.488537,0.527131,0.798129
426.688058,0.528036,0.798921
426.888620,0.527453,0.799106
427.088140,0.528169,0.799250
427.287521,0.530154,0.801499
427.488001,0.529511,0.800725
427.688476,0.528526,0.799941
427.887974,0.529770,0.801084
428.088481,0.528874,0.800031
428.287988,0.529666,0.800855
428.488492,0.529079,0.800331
428.688013,0.530510,0.801413
428.888545,0.529597,0.800970
429.088059,0.530649,0.801288
429.288591,0.529526,0.800109
429.488123,0.530517,0.801432
429.688645,0.529285,0.800615
429.888181,0.530805,0.801974
430.087703,0.531091,0.802494
430.288227,0.529812,0.800637
430.487750,0.530368,0.801354
430.688292,0.530540,0.799729
430.887803,0.531363,0.803485
431.088289,0.530615,0.801057
431.287780,0.531454,0.802978
431.488287,0.530930,0.802108
431.687810,0.531293,0.802927
431.888352,0.531095,0.802244
432.087875,0.531744,0.803292
432.288421,0.531375,0.802287
432.487936,0.531568,0.802994
432.688458,0.531036,0.802509
432.887998,0.531521,0.803743
433.088524,0.531066,0.802538
433.288054,0.530753,0.802033
433.488594,0.530177,0.801711
433.688055,0.531241,0.803710
433.888543,0.531265,0.803248
434.088033,0.531387,0.803673
434.288540,0.531152,0.802868
434.488048,0.531206,0.803681
434.688575,0.531506,0.803213
434.888075,0.531570,0.804313
435.088602,0.531640,0.803951
435.288126,0.531387,0.804206
435.488653,0.531479,0.803165
435.688174,0.531454,0.803768
435.887690,0.531685,0.805729
436.088215,0.531412,0.804594
436.287742,0.530926,0.804534
436.488265,0.531509,0.803513
436.687737,0.531356,0.806008
436.888237,0.531290,0.804794
437.087720,0.531382,0.806187
437.288263,0.531667,0.804346
437.487792,0.531566,0.805961
437.688333,0.531500,0.804491
437.887851,0.531778,0.806183
438.088399,0.531515,0.804086
438.287934,0.531311,0.805976
438.488456,0.531345,0.804952
438.687985,0.530666,0.805111
438.888520,0.530593,0.804503
439.088037,0.530161,0.805189
439.288539,0.531293,0.804520
439.488008,0.531497,0.806784
439.688471,0.531361,0.806095
439.887965,0.531402,0.806934
440.088482,0.531061,0.805874
440.287999,0.531581,0.806866
440.488523,0.531581,0.805901
440.688044,0.531339,0.806741
440.888566,0.531575,0.806560
441.088083,0.531486,0.807056
441.288605,0.531462,0.806567
441.488136,0.531561,0.806928
441.687665,0.531269,0.807386
441.888141,0.531967,0.808037
442.087671,0.530639,0.807379
442.288196,0.530781,0.806764
442.487675,0.531059,0.808218
442.688153,0.531353,0.807869
442.887642,0.530452,0.807826
443.088133,0.531053,0.807877
443.288638,0.531167,0.807280
443.488165,0.531793,0.807433
443.687690,0.530795,0.808707
443.888209,0.531317,0.808063
444.087732,0.530409,0.808204
444.288275,0.530947,0.807621
444.487795,0.530325,0.807666
444.688320,0.530824,0.807757
444.887854,0.530071,0.808386
445.088399,0.530656,0.807371
445.287923,0.529022,0.807119
445.488446,0.530110,0.806667
445.687966,0.529543,0.806565
445.888452,0.530583,0.807796
446.087934,0.529559,0.808158
446.288430,0.530273,0.808129
446.487920,0.528827,0.808508
446.688440,0.530208,0.807713
446.887971,0.529134,0.808297
447.088497,0.530117,0.807657
447.288014,0.528332,0.808128
447.488547,0.529571,0.807821
447.688074,0.528583,0.807927
447.888602,0.530367,0.807984
448.088128,0.528176,0.808681
448.288651,0.529045,0.807201
448.488178,0.527462,0.807066
448.687686,0.526425,0.808744
448.888186,0.528217,0.808739
449.087666,0.526361,0.808747
449.288161,0.527573,0.808177
449.487661,0.525780,0.808406
449.688166,0.527076,0.808022
449.887671,0.525498,0.808974
450.088184,0.526990,0.808462
450.287703,0.525498,0.808345
450.488225,0.526651,0.808060
450.687751,0.525689,0.808764
450.888298,0.527343,0.808765
451.087815,0.525692,0.808348
451.288351,0.526717,0.807741
451.487876,0.525442,0.808612
451.688401,0.526563,0.808356
451.887924,0.525274,0.808457
452.088451,0.526137,0.807198
452.287944,0.525040,0.809603
452.488420,0.526218,0.808788
452.687918,0.524773,0.808503
452.888420,0.525896,0.808088
453.087928,0.524369,0.808435
453.288444,0.525649,0.808346
453.487976,0.524607,0.808301
453.688503,0.525686,0.808344
453.888024,0.524679,0.808776
454.088557,0.525528,0.808687
454.288078,0.524829,0.808461
454.488621,0.525718,0.808547
454.688139,0.524186,0.808948
454.887665,0.523690,0.808239
455.088191,0.524333,0.808304
455.287712,0.522492,0.806781
455.488268,0.523183,0.806919
455.687793,0.522844,0.806566
455.888313,0.524307,0.808069
456.087790,0.523000,0.808238
456.288276,0.523618,0.808453
456.487788,0.522908,0.807778
456.688300,0.523854,0.808192
456.887844,0.523079,0.808178
457.088395,0.523778,0.807747
457.287918,0.523301,0.808264
457.488450,0.524201,0.808557
457.687977,0.523302,0.808176
457.888497,0.524264,0.808474
458.088024,0.523017,0.808134
458.288550,0.523476,0.807549
458.488047,0.522862,0.808235
458.688521,0.523553,0.809619
458.888012,0.522755,0.808423
459.088504,0.523435,0.808189
459.288005,0.522287,0.807461
459.488512,0.523010,0.807679
459.688037,0.522598,0.807625
459.888554,0.523658,0.808628
460.088079,0.522629,0.807398
460.288607,0.523366,0.808144
460.488130,0.522662,0.807416
460.688594,0.523348,0.808635
460.888125,0.522476,0.807717
461.088645,0.523220,0.808224
461.288164,0.521914,0.806891
461.487684,0.520811,0.805334
461.688208,0.521354,0.806059
461.887727,0.521025,0.804797
462.088199,0.521884,0.807067
462.287693,0.521096,0.805652
462.488195,0.521793,0.806893
462.687716,0.521123,0.805615
462.888261,0.522589,0.807902
463.087790,0.521062,0.805638
463.288318,0.522081,0.806444
463.487838,0.520843,0.805451
463.688363,0.521954,0.806668
463.887883,0.520879,0.805255
464.088403,0.521441,0.806464
464.287868,0.520362,0.805315
464.488402,0.521062,0.805489
464.687928,0.520493,0.804741
464.888462,0.521549,0.806013
465.087988,0.519277,0.803988
465.288521,0.520596,0.805037
465.488019,0.519909,0.804241
465.688494,0.520942,0.805898
465.887984,0.519672,0.804663
466.088496,0.520327,0.805375
466.288020,0.519692,0.803869
466.488541,0.520391,0.804996
466.688063,0.519188,0.804102
466.888581,0.520464,0.805324
467.088117,0.518750,0.803120
467.288644,0.520387,0.804707
467.488166,0.518960,0.803803
467.687687,0.518089,0.802566
467.888213,0.518989,0.803806
468.087739,0.517667,0.802341
468.288275,0.518538,0.803141
468.487810,0.517468,0.801514
468.688327,0.517695,0.802315
468.887832,0.517668,0.802766
469.088319,0.518407,0.802867
469.287802,0.517502,0.802868
469.488310,0.517720,0.802358
469.687829,0.517336,0.802159
469.888359,0.518242,0.802759
470.087883,0.517265,0.801635
470.288404,0.517744,0.802378
470.487928,0.517391,0.801829
470.688456,0.517640,0.802151
470.887974,0.517341,0.801547
471.088494,0.517653,0.802294
471.288019,0.516364,0.800922
471.488539,0.516873,0.801436
471.688061,0.516780,0.799468
471.888560,0.517500,0.801635
472.088026,0.517045,0.801760
472.288511,0.517333,0.802097
472.488019,0.516825,0.800992
472.688530,0.516953,0.801547
472.888056,0.517440,0.801246
473.088579,0.517224,0.801578
473.288101,0.517099,0.800701
473.488617,0.517001,0.801430
473.688143,0.517122,0.801020
473.887672,0.516931,0.800169
474.088192,0.516865,0.800571
474.287720,0.516779,0.799719
474.488251,0.516909,0.800524
474.687773,0.516196,0.799128
474.888300,0.516774,0.799495
475.087777,0.516489,0.800000
475.288262,0.516538,0.800709
475.487768,0.516633,0.799316
475.688272,0.516722,0.800462
475.887791,0.516808,0.799618
476.088327,0.517033,0.799974
476.287846,0.516684,0.799203
476.488394,0.516564,0.799599
476.687926,0.516862,0.799154
476.888454,0.517246,0.800708
477.087978,0.516406,0.798721
477.288502,0.516406,0.799841
477.488026,0.515942,0.798071
477.688554,0.516706,0.799250
477.888084,0.516192,0.798685
478.088612,0.516017,0.799192
478.288129,0.516516,0.798532
478.488601,0.516609,0.800447
478.688100,0.516797,0.798976
478.888604,0.516751,0.800164
479.088104,0.516798,0.798793
479.288628,0.516849,0.799746
479.488148,0.516791,0.798522
479.687674,0.516559,0.797445
479.888202,0.516728,0.798871
480.087722,0.515747,0.796726
480.288254,0.515853,0.797081
480.487769,0.516502,0.797859
480.688244,0.516489,0.798341
480.887741,0.516447,0.797538
481.088257,0.516628,0.797854
481.287779,0.516712,0.797312
481.488317,0.516723,0.797623
481.687834,0.516835,0.797609
481.888356,0.517021,0.798424
482.087879,0.516492,0.797441
482.288407,0.516587,0.797771
482.487935,0.516846,0.797287
482.688459,0.516572,0.797691
482.887974,0.516718,0.797314
483.088504,0.516406,0.797641
483.288027,0.516568,0.796890
483.488555,0.516404,0.797164
483.688072,0.515341,0.795054
483.888595,0.516293,0.796056
484.088065,0.516605,0.797525
484.288559,0.516410,0.797296
484.488065,0.516552,0.796535
484.688575,0.516461,0.797182
484.888094,0.517004,0.797143
485.088620,0.516528,0.797344
485.288142,0.516867,0.796766
485.487671,0.517307,0.796511
485.688146,0.516993,0.797013
485.887671,0.517733,0.796440
486.088197,0.516341,0.795756
486.287683,0.517588,0.796660
486.488158,0.517100,0.796769
486.687647,0.517613,0.796002
486.888162,0.517229,0.796592
487.087667,0.517660,0.796086
487.288177,0.517104,0.796331
487.487698,0.518040,0.796014
487.688228,0.517307,0.796135
487.887759,0.518181,0.796319
488.088287,0.517345,0.796502
488.287811,0.517805,0.795660
488.488348,0.516813,0.795428
488.687870,0.517644,0.795500
488.888411,0.516861,0.795550
489.087936,0.518291,0.794766
489.288428,0.517330,0.796351
489.487896,0.518391,0.796811
489.688384,0.517550,0.796585
489.887897,0.518801,0.796260
490.088424,0.517932,0.796415
490.287923,0.518691,0.796403
490.488450,0.517899,0.796810
490.687967,0.519200,0.795967
490.888494,0.518176,0.796542
491.088024,0.519087,0.796112
491.288552,0.517427,0.795723
491.488074,0.518271,0.795351
491.688541,0.518095,0.796489
491.888013,0.519589,0.796786
492.088493,0.518346,0.796881
492.287979,0.519764,0.796361
492.488471,0.518152,0.796377
492.687972,0.519958,0.796147
492.888491,0.518422,0.796401
493.087999,0.520078,0.795954
493.288526,0.518561,0.795988
493.488045,0.519886,0.796117
493.688568,0.518721,0.796035
493.888090,0.520504,0.796438
494.088614,0.518726,0.795830
494.288132,0.519365,0.794846
494.487633,0.521425,0.794285
494.688140,0.521160,0.795991
494.887612,0.522182,0.796819
495.088097,0.520641,0.796261
495.288597,0.519364,0.796238
495.488124,0.521240,0.795925
495.688645,0.519376,0.795961
495.888177,0.521173,0.796333
496.087702,0.522571,0.795791
496.288217,0.521102,0.795957
496.487741,0.522391,0.795667
496.688269,0.520631,0.795886
496.887805,0.522523,0.796080
497.088327,0.520776,0.795769
497.287848,0.521501,0.795027
497.488386,0.519868,0.794531
497.687878,0.522227,0.796176
497.888368,0.521306,0.795852
498.087857,0.522469,0.795766
498.288369,0.521218,0.795593
498.487892,0.522478,0.795570
498.688411,0.521154,0.795968
498.887944,0.522751,0.796259
499.088471,0.521416,0.796031
499.287999,0.522455,0.795687
499.488519,0.521141,0.795966
499.688039,0.522474,0.795613
499.888510,0.521118,0.796596
500.088047,0.522665,0.795480
500.288566,0.520227,0.795047
500.488085,0.521829,0.794850
500.688585,0.521239,0.795728
500.888057,0.522846,0.796372
501.088549,0.521411,0.796118
501.288037,0.522570,0.795738
501.488525,0.521697,0.796138
501.688032,0.522930,0.795655
501.888538,0.521741,0.796420
502.088065,0.523060,0.795488
502.288588,0.522157,0.795929
502.488115,0.523248,0.795851
502.688633,0.521811,0.795879
502.888154,0.523167,0.795829
503.087678,0.524484,0.796499
503.288148,0.523817,0.796873
503.487681,0.524103,0.795949
503.688204,0.522561,0.794674
503.887724,0.524293,0.794957
504.088233,0.523125,0.795351
504.287700,0.524600,0.796719
504.488193,0.523618,0.795909
504.687696,0.524077,0.796395
504.888229,0.523469,0.796209
505.087752,0.524577,0.796460
505.288285,0.523459,0.795656
505.487817,0.524451,0.796236
505.688297,0.523347,0.795799
505.887826,0.524915,0.796596
506.088357,0.523444,0.795551
506.287877,0.524562,0.796243
506.488410,0.523436,0.795952
506.687945,0.524588,0.796251
506.888469,0.523761,0.795966
507.087989,0.524623,0.796777
507.288518,0.523496,0.795689
507.488031,0.524856,0.796121
507.688554,0.523389,0.796635
507.888078,0.524400,0.796112
508.088599,0.522663,0.795136
508.288118,0.523692,0.795363
508.488608,0.523297,0.795293
508.688074,0.524340,0.796241
508.888578,0.523390,0.795940
509.088062,0.524759,0.796782
509.288588,0.523498,0.795654
509.488105,0.524538,0.796008
509.688628,0.523309,0.795604
509.888149,0.524459,0.796323
510.087674,0.525265,0.796524
510.288198,0.523717,0.795434
510.487720,0.524465,0.795710
510.688221,0.524661,0.795734
510.887700,0.525337,0.797270
511.088175,0.524220,0.796324
511.287665,0.526122,0.798115
511.488177,0.524397,0.795748
511.687685,0.525361,0.796610
511.888204,0.524570,0.796334
512.087724,0.525420,0.796811
512.288259,0.524409,0.795826
512.487781,0.525014,0.796433
512.688316,0.524002,0.795682
512.887840,0.525155,0.796513
513.088382,0.524154,0.795295
513.287901,0.524162,0.795319
513.488431,0.523358,0.794957
513.687943,0.524705,0.794999
513.888429,0.524340,0.796064
514.087891,0.525197,0.796978
514.288365,0.524149,0.796209
514.487863,0.524941,0.796773
514.688382,0.524039,0.795347
514.887909,0.525158,0.796511
515.088429,0.523933,0.795931
515.287951,0.524916,0.796448
515.488487,0.524070,0.795847
515.688004,0.525001,0.796113
515.888528,0.523694,0.795886
516.088049,0.524586,0.796234
516.288572,0.522957,0.794669
516.488078,0.524242,0.795730
516.688552,0.523406,0.795819
516.888222,0.524323,0.796663
517.087710,0.524996,0.796670
517.288203,0.523805,0.795810
517.487697,0.525000,0.796774
517.688191,0.524295,0.796469
517.887711,0.525487,0.796906
518.088248,0.524028,0.795638
518.287774,0.524889,0.796233
518.488312,0.523718,0.795903
518.687833,0.524856,0.796087
518.888368,0.523652,0.795615
519.087894,0.524564,0.796165
519.288421,0.523119,0.795478
519.487947,0.523510,0.795117
519.688457,0.522094,0.792969
519.887947,0.523823,0.796430
520.088417,0.522906,0.796004
520.287907,0.523985,0.796048
520.488412,0.522899,0.795226
520.687932,0.523842,0.796094
520.888458,0.523110,0.795666
521.087982,0.523971,0.795957
521.288500,0.522718,0.795320
521.488026,0.523558,0.795576
521.688549,0.522214,0.795666
521.888072,0.523679,0.795552
522.088597,0.522308,0.795645
522.288125,0.523185,0.795660
522.488648,0.521439,0.795076
522.688151,0.522965,0.795426
522.887638,0.524236,0.796333
523.088127,0.522446,0.795741
523.288621,0.521238,0.796027
523.488129,0.522715,0.795297
523.688634,0.520971,0.795758
523.888159,0.522769,0.796050
524.087669,0.523229,0.795308
524.288197,0.521984,0.795375
524.487715,0.523679,0.796354
524.688226,0.522209,0.796720
524.887749,0.523252,0.795968
525.088272,0.521484,0.795274
525.287792,0.522496,0.795460
525.488325,0.520367,0.794658
525.687809,0.522389,0.795919
525.888292,0.521506,0.796051
526.087782,0.522235,0.795571
526.288288,0.520647,0.796125
526.487797,0.522338,0.795985
526.688328,0.520766,0.796058
526.887854,0.522323,0.796080
527.088395,0.520170,0.795335
527.287917,0.521711,0.795961
527.488449,0.519375,0.794667
527.687975,0.520856,0.794941
527.888476,0.520041,0.795966
528.087946,0.521616,0.796189
528.288436,0.519830,0.796162
528.487946,0.521245,0.795670
528.688467,0.519466,0.796109
528.887977,0.521037,0.796136
529.088498,0.519511,0.796225
529.288021,0.520713,0.795629
529.488502,0.520166,0.795475
529.688027,0.520070,0.795207
529.888552,0.518739,0.795757
530.088072,0.519636,0.794875
530.288594,0.517788,0.794895
530.488094,0.520017,0.795634
530.688571,0.518270,0.796077
530.888060,0.519960,0.796119
531.088560,0.518218,0.795646
531.288060,0.519553,0.795735
531.488568,0.518188,0.795784
531.688088,0.519446,0.795886
531.888614,0.518464,0.796099
532.088145,0.519383,0.795904
532.287671,0.520651,0.795540
532.488195,0.519096,0.795780
532.687720,0.520667,0.795833
532.888266,0.518846,0.795734
533.087791,0.520081,0.795357
533.288320,0.518284,0.795404
533.487933,0.518549,0.792974
533.688462,0.517169,0.795055
533.887985,0.518879,0.794311
534.088477,0.517805,0.796154
534.287953,0.519103,0.796072
534.488448,0.517296,0.796047
534.687956,0.518868,0.795625
534.888466,0.517675,0.796423
535.087972,0.518706,0.795952
535.288475,0.517083,0.795968
535.488008,0.518590,0.795663
535.688526,0.517561,0.796419
535.888031,0.518244,0.796820
536.088569,0.517251,0.796105
536.288089,0.516775,0.795188
536.488622,0.517182,0.796184
536.688145,0.517618,0.796190
536.887660,0.518690,0.796624
537.088194,0.517542,0.795919
537.287714,0.518056,0.795834
537.488260,0.516405,0.795052
537.687786,0.516877,0.795367
537.888315,0.516562,0.794825
538.087798,0.517457,0.796208
538.288300,0.516478,0.796319
538.487811,0.517074,0.796394
538.688346,0.516667,0.796473
538.887856,0.516921,0.796392
539.088410,0.516674,0.796371
539.287934,0.516769,0.796522
539.488457,0.516737,0.796818
539.687986,0.516501,0.796242
539.888506,0.516590,0.797473
540.088040,0.516397,0.796708
540.288567,0.516332,0.797424
540.488109,0.516431,0.796648
540.688638,0.516616,0.797945
540.888160,0.516681,0.797658
541.087696,0.515599,0.795449
541.288225,0.515983,0.796577
541.487743,0.515750,0.795139
541.688258,0.516922,0.797821
541.887742,0.516546,0.798244
542.088235,0.516608,0.798102
542.287742,0.516123,0.797268
542.488254,0.516206,0.798777
542.687769,0.516506,0.798010
542.888296,0.516820,0.799588
543.087815,0.516655,0.798542
543.288345,0.516589,0.799417
543.487865,0.516762,0.799296
543.688388,0.516981,0.800113
543.887861,0.516611,0.799961
544.088400,0.516798,0.800002
544.287915,0.516240,0.799665
544.488408,0.517114,0.800898
544.687871,0.517032,0.800968
544.888390,0.517016,0.801109
545.087891,0.517018,0.800828
545.288406,0.517370,0.801402
545.487923,0.517029,0.801043
545.688438,0.517500,0.801928
545.887961,0.517294,0.801633
546.088477,0.517851,0.802049
546.287937,0.517065,0.801934
546.488459,0.517876,0.802213
546.687981,0.517115,0.801149
546.888518,0.518318,0.802397
547.088009,0.518066,0.802677
547.288479,0.519531,0.803840
547.487963,0.518495,0.803095
547.688467,0.520111,0.804318
547.887972,0.519151,0.803395
548.088501,0.520768,0.804742
548.288020,0.519810,0.804075
548.488545,0.521388,0.805754
548.688055,0.520282,0.804817
548.888583,0.521940,0.806204
549.088098,0.520986,0.805310
549.288618,0.522303,0.806769
549.488138,0.521365,0.806108
549.687658,0.519827,0.804228
549.888165,0.522724,0.806521
550.087644,0.521747,0.805545
550.288136,0.522476,0.807994
550.487630,0.521830,0.806528
550.688133,0.522639,0.807629
550.888650,0.524425,0.808276
551.088168,0.523001,0.807592
551.287699,0.522529,0.807259
551.488215,0.523880,0.808118
551.687729,0.522970,0.807747
551.888266,0.524495,0.807907
552.087775,0.523248,0.807953
552.288296,0.524634,0.808289
552.487812,0.523051,0.806981
552.688304,0.525017,0.807734
552.887785,0.524205,0.808746
553.088281,0.525410,0.808096
553.287784,0.524496,0.808192
553.488295,0.526061,0.808042
553.687812,0.525134,0.808618
553.888343,0.527003,0.808061
554.087856,0.525572,0.807838
554.288409,0.527118,0.806810
554.487925,0.526025,0.807987
554.688445,0.527890,0.808033
554.887961,0.526886,0.808173
555.088483,0.528321,0.807660
555.288014,0.527001,0.807543
555.488530,0.528828,0.807704
555.688047,0.526639,0.806727
555.888569,0.528935,0.806690
556.088044,0.527789,0.807605
556.288533,0.529298,0.807512
556.488031,0.528459,0.807585
556.688526,0.529576,0.807131
556.888036,0.528633,0.807629
557.088519,0.529919,0.807746
557.288043,0.529085,0.807188
557.488564,0.530612,0.807199
557.688085,0.529493,0.807741
557.888605,0.530675,0.807497
558.088119,0.529835,0.807529
558.288640,0.530547,0.807142
558.488159,0.529824,0.807196
558.687674,0.528317,0.806788
558.888203,0.529816,0.806978
559.087706,0.529158,0.805693
559.288210,0.530512,0.807261
559.487676,0.529660,0.807810
559.688147,0.530505,0.807675
559.887639,0.529752,0.807889
560.088149,0.530514,0.806999
560.287669,0.529844,0.807409
560.488193,0.530904,0.807079
560.687703,0.530414,0.807622
560.888222,0.531355,0.807486
561.087745,0.530334,0.807605
561.288289,0.531226,0.806828
561.487808,0.530435,0.807394
561.688345,0.531085,0.806804
561.887870,0.530585,0.807493
562.088395,0.531261,0.806698
562.287913,0.530672,0.807104
562.488436,0.530966,0.806296
562.687955,0.530785,0.805823
562.888448,0.531686,0.807222
563.087917,0.531118,0.807377
563.288406,0.531307,0.806944
563.487909,0.530887,0.807108
563.688428,0.531356,0.806709
563.887925,0.531709,0.807983
564.088449,0.531466,0.806444
564.287969,0.531342,0.807197
564.488489,0.531407,0.806650
564.688013,0.531437,0.807077
564.888539,0.531502,0.806987
565.088058,0.531580,0.807064
565.288581,0.531506,0.806289
565.488103,0.530647,0.805784
565.688620,0.530258,0.804845
565.888117,0.531839,0.806871
566.088591,0.531280,0.806089
566.288076,0.531664,0.806619
566.488579,0.531054,0.805653
566.688097,0.531324,0.806574
566.888620,0.531787,0.805814
567.088140,0.531432,0.806264
567.287667,0.531930,0.807403
567.488191,0.531322,0.806395
567.687715,0.531688,0.806935
567.888246,0.531763,0.805843
568.087772,0.531359,0.806769
568.288302,0.531509,0.805764
568.487821,0.531668,0.806518
568.688352,0.531012,0.804384
568.887878,0.530628,0.805646
569.088398,0.530251,0.804041
569.287892,0.531327,0.806588
569.488360,0.531156,0.805230
569.687850,0.531206,0.806115
569.888374,0.531466,0.804449
570.087880,0.531247,0.806171
570.288366,0.531684,0.805167
570.487923,0.531176,0.805453
570.688466,0.531484,0.804394
570.888171,0.531626,0.805542
571.087711,0.531514,0.805937
571.288261,0.531711,0.804306
571.487801,0.531301,0.805618
571.688355,0.531075,0.804108
571.887898,0.531583,0.805560
572.088438,0.531185,0.804064
572.287973,0.530094,0.803664
572.488503,0.530974,0.802466
572.688020,0.531412,0.805158
572.888551,0.531247,0.804232
573.088040,0.531334,0.804949
573.288540,0.531161,0.804139
573.488033,0.531831,0.804971
573.688555,0.530991,0.803494
573.888070,0.531202,0.804674
574.088600,0.531319,0.803633
574.288141,0.531842,0.804786
574.487697,0.531851,0.804909
574.688243,0.531416,0.803917
574.887797,0.531796,0.804944
575.088353,0.531113,0.803158
575.287911,0.530644,0.803575
575.488445,0.530324,0.802428
575.687998,0.530867,0.802752
575.888502,0.531202,0.803467
576.088030,0.531394,0.804516
576.288517,0.530934,0.803389
576.488013,0.531484,0.804456
576.688512,0.530825,0.803166
576.888616,0.531594,0.795829
577.088386,0.531202,0.802828
577.287934,0.531317,0.804193
577.488462,0.531322,0.803638
577.688011,0.531618,0.804056
577.888552,0.531434,0.802814
578.088094,0.531312,0.803976
578.288632,0.530798,0.803185
578.488193,0.531572,0.803696
578.687732,0.531380,0.804623
578.888297,0.531247,0.803645
579.087842,0.530996,0.803810
579.288408,0.530763,0.802593
579.487889,0.531247,0.804589
579.688395,0.531249,0.803474
579.887902,0.531313,0.804337
580.088418,0.531102,0.803607
580.287953,0.531216,0.803899
580.488486,0.530958,0.803252
580.688026,0.531411,0.804060
580.888638,0.531275,0.802767
581.088183,0.531313,0.803584
581.287727,0.531271,0.804651
581.488273,0.531217,0.803165
581.687820,0.531526,0.804333
581.888369,0.530765,0.802103
582.087925,0.530748,0.803348
582.288458,0.530287,0.802058
582.487968,0.531662,0.804535
582.688449,0.531121,0.803082
582.888475,0.531536,0.795114
583.087993,0.531509,0.803872
583.288515,0.531027,0.802835
583.488031,0.531167,0.803620
583.688562,0.531432,0.802791
583.888110,0.531758,0.803680
584.088646,0.531248,0.802271
584.288180,0.531933,0.802858
584.487718,0.531213,0.804338
584.688266,0.530547,0.801835
584.887864,0.531062,0.802204
585.088364,0.531094,0.802373
585.287843,0.531106,0.803675
585.488351,0.530829,0.802698
585.687845,0.531659,0.803646
585.888401,0.531293,0.801989
586.087955,0.531269,0.803069
586.288415,0.531248,0.803017
586.487956,0.530628,0.802613
586.688488,0.531413,0.802268
586.888027,0.530988,0.802577
587.088564,0.530364,0.801291
587.288089,0.531140,0.800982
587.488592,0.530830,0.801711
587.688092,0.531354,0.802914
587.888583,0.531063,0.802259
588.088074,0.531439,0.802945
588.288553,0.531257,0.802219
588.488050,0.531016,0.802533
588.688562,0.530979,0.801896
588.888693,0.531048,0.790757
589.088225,0.531582,0.801857
589.287762,0.531320,0.802534
589.488298,0.531303,0.802025
589.687833,0.531389,0.802450
589.888388,0.531709,0.801353
590.087927,0.531422,0.802100
590.288468,0.531239,0.801419
590.488005,0.531258,0.802141
590.688538,0.530357,0.800759
590.888086,0.531451,0.800356
591.088567,0.530707,0.801472
591.288066,0.531363,0.802087
591.488579,0.530672,0.800973
591.688059,0.531066,0.802172
591.888595,0.530922,0.801151
592.088292,0.531190,0.797958
592.287832,0.530966,0.801658
592.488386,0.530497,0.800317
592.687915,0.531011,0.801493
592.888516,0.530234,0.800161
593.088164,0.530108,0.800033
593.287697,0.530122,0.800687
593.488210,0.530614,0.800731
593.687558,0.531010,0.802078
593.888058,0.530708,0.801058
594.088556,0.529755,0.800063
594.288045,0.530534,0.800840
594.488565,0.529299,0.799581
594.688080,0.530260,0.800134
594.888797,0.528463,0.799768
595.088345,0.529796,0.799271
595.287875,0.530401,0.800340
595.488407,0.529124,0.799286
595.687944,0.530201,0.799858
595.888423,0.528797,0.799782
596.087961,0.529340,0.799095
596.288482,0.528111,0.796893
596.487979,0.529512,0.800063
596.688444,0.528188,0.799230
596.887997,0.529412,0.799961
597.088476,0.528163,0.798423
597.287996,0.529002,0.799018
597.488512,0.527334,0.797681
597.688040,0.528341,0.798861
597.888576,0.527742,0.797469
598.088129,0.527976,0.798144
598.288672,0.527150,0.796509
598.488209,0.527446,0.797547
598.687750,0.527728,0.797566
598.888280,0.526727,0.795290
599.087755,0.527734,0.798288
599.288248,0.526747,0.796618
599.487733,0.527645,0.797938
599.688249,0.526491,0.795710
599.887747,0.527446,0.797783
600.088285,0.526190,0.795785
600.287803,0.527234,0.797073
600.488330,0.525923,0.795273
600.687858,0.526718,0.796469
600.888398,0.525771,0.795467
601.087937,0.526253,0.795684
601.288479,0.525818,0.795303
601.488018,0.525273,0.795360
601.688555,0.524128,0.793869
601.888080,0.525715,0.794762
602.088550,0.524640,0.795015
602.288025,0.525081,0.795250
602.488515,0.524138,0.794496
602.688023,0.524958,0.794986
602.888529,0.524118,0.794584
603.088049,0.525144,0.795165
603.288578,0.523685,0.794600
603.488101,0.525120,0.794939
603.688628,0.523647,0.794436
603.888158,0.524486,0.794526
604.087680,0.525013,0.794758
604.288204,0.524170,0.794647
604.487734,0.524929,0.794449
604.688271,0.523486,0.793870
604.887845,0.524064,0.794324
605.088388,0.522178,0.792948
605.287908,0.522990,0.793243
605.488405,0.522151,0.792420
605.687874,0.523901,0.794460
605.888371,0.522322,0.794656
606.087881,0.523757,0.793952
606.288406,0.522318,0.794986
606.487934,0.523418,0.794487
606.688452,0.521933,0.794858
606.887979,0.523829,0.794795
607.088500,0.521869,0.794513
607.288023,0.522790,0.794648
607.488554,0.521331,0.794761
607.688073,0.522847,0.794473
607.888597,0.521281,0.794810
608.088127,0.522256,0.794590
608.288655,0.520327,0.794567
608.488182,0.521364,0.793759
608.687710,0.522285,0.793225
608.888265,0.521541,0.794223
609.087736,0.522851,0.795153
609.288221,0.520976,0.794578
609.487707,0.522284,0.794524
609.688214,0.520993,0.794396
609.887719,0.522747,0.795003
610.088261,0.520886,0.795074
610.287783,0.522332,0.794495
610.488319,0.520713,0.794635
610.687842,0.522074,0.794782
610.888384,0.520691,0.794629
611.087919,0.521719,0.794409
611.288442,0.519331,0.793894
611.487936,0.521678,0.795283
611.688409,0.519912,0.795066
611.887907,0.521611,0.794586
612.088412,0.519707,0.794623
612.287914,0.521245,0.794464
612.488436,0.519666,0.795007
612.687960,0.520952,0.794404
612.888564,0.519497,0.795469
613.088092,0.520674,0.794420
613.288620,0.519262,0.794694
613.488141,0.520389,0.794581
613.687663,0.522018,0.794606
613.888186,0.520662,0.794861
614.087710,0.521582,0.794143
614.288228,0.520054,0.793092
614.487726,0.521809,0.795107
614.688195,0.520088,0.794783
614.887667,0.522067,0.795121
615.088158,0.520573,0.794952
615.287673,0.521733,0.794249
615.488176,0.520337,0.794819
615.687681,0.521679,0.794878
615.888185,0.520347,0.794758
616.087710,0.521819,0.794525
616.288250,0.520361,0.793907
616.487772,0.522079,0.795393
616.688246,0.520622,0.795202
616.887813,0.522126,0.794850
617.088361,0.520329,0.794142
617.287882,0.521494,0.794588
617.488405,0.520557,0.795015
617.687928,0.521957,0.794555
617.888453,0.520312,0.794429
618.087982,0.521378,0.794295
618.288499,0.519579,0.794304
618.488027,0.521073,0.793927
618.688542,0.519340,0.793831
618.888073,0.521422,0.793476
619.088565,0.520100,0.794564
619.288036,0.521483,0.795083
619.488511,0.520017,0.795052
619.687998,0.521562,0.794663
619.888503,0.520163,0.794818
620.088007,0.521775,0.794287
620.288517,0.520367,0.794252
620.488034,0.521746,0.794544
620.688557,0.520496,0.794723
620.888054,0.522265,0.795230
621.088580,0.520482,0.794532
621.288106,0.521210,0.793387
621.488624,0.520131,0.792866
621.688131,0.522145,0.794378
621.887607,0.523464,0.794617
622.088080,0.521957,0.794503
622.288584,0.520285,0.794488
622.488093,0.522357,0.794715
622.688632,0.521035,0.795010
622.888139,0.521982,0.794521
623.087659,0.523426,0.794467
623.288179,0.522308,0.794649
623.487699,0.523277,0.794254
623.688219,0.522065,0.794328
623.887738,0.523385,0.794657
624.088270,0.522046,0.794057
624.287786,0.523110,0.794190
624.488323,0.520885,0.792938
624.687846,0.521748,0.793045
624.888382,0.521529,0.794524
625.087857,0.523184,0.794460
625.288360,0.521510,0.794076
625.487845,0.522834,0.794595
625.688407,0.521618,0.793378
625.887922,0.522940,0.794512
626.088446,0.521670,0.794267
626.287966,0.522847,0.794153
626.488431,0.521207,0.794548
626.687956,0.522954,0.793841
626.888490,0.522144,0.794239
627.088008,0.522404,0.793987
627.288530,0.521448,0.792767
627.488032,0.522918,0.793583
627.688504,0.521882,0.794700
627.887990,0.523254,0.794630
628.088489,0.521754,0.794273
628.287985,0.523193,0.793924
628.488506,0.521757,0.794221
628.688028,0.523429,0.794598
628.888539,0.521951,0.794944
629.088062,0.523369,0.793923
629.288591,0.521222,0.793290
629.488094,0.523172,0.793680
629.688572,0.521856,0.794402
629.888062,0.523498,0.794445
630.088554,0.522436,0.794429
630.288073,0.523605,0.793874
630.488594,0.522126,0.794215
630.688119,0.523682,0.794043
630.888648,0.522285,0.794635
631.088171,0.523160,0.794143
631.287692,0.523715,0.793247
631.488200,0.523207,0.792165
631.687698,0.524389,0.793967
631.888167,0.523419,0.794705
632.087658,0.524595,0.794552
632.288165,0.523719,0.793936
632.487689,0.524882,0.794087
632.688211,0.523742,0.794279
632.887781,0.524966,0.794468
633.088313,0.524045,0.795166
633.287834,0.524929,0.794004
633.488351,0.523337,0.793855
633.687869,0.524482,0.794258
633.888402,0.523680,0.794018
634.087930,0.524474,0.793726
634.288457,0.523477,0.794071
634.487979,0.524211,0.794183
634.688506,0.523201,0.794111
634.888030,0.523925,0.793277
635.088546,0.522950,0.792193
635.288053,0.524245,0.793805
635.488531,0.523260,0.794491
635.688018,0.524240,0.793912
635.888524,0.523438,0.793862
636.088052,0.524447,0.794126
636.288568,0.523327,0.793987
636.488088,0.524583,0.793861
636.688616,0.523602,0.793808
636.888202,0.524640,0.794087
637.087724,0.525271,0.794448
637.288259,0.524659,0.793664
637.487782,0.525177,0.793993
637.688333,0.524380,0.793369
637.887853,0.525524,0.794451
638.088400,0.523964,0.793296
638.287925,0.524344,0.792874
638.488448,0.523264,0.791861
638.687949,0.524602,0.793907
638.888424,0.523551,0.794254
639.087915,0.524448,0.793740
639.288415,0.523186,0.793479
639.487936,0.524162,0.793437
639.688461,0.523541,0.793210
639.887984,0.524237,0.793778
640.088509,0.522924,0.793996
640.288034,0.524216,0.793793
640.488553,0.522929,0.794368
640.688077,0.523978,0.793932
640.888590,0.522718,0.794259
641.088114,0.523681,0.793919
641.288635,0.521169,0.793035
641.488160,0.521945,0.792424
641.687682,0.523793,0.792242
641.888199,0.522821,0.793533
642.087672,0.523872,0.794162
642.288144,0.522766,0.794113
642.487630,0.523710,0.793954
642.688120,0.522396,0.794385
642.888654,0.521058,0.795041
643.088175,0.522123,0.794395
643.287694,0.523319,0.794274
643.488217,0.521204,0.794149
643.687735,0.522592,0.793711
643.888271,0.520875,0.793556
644.087785,0.522123,0.795018
644.288318,0.519173,0.792932
644.487832,0.521021,0.792259
644.688351,0.519758,0.793792
644.887863,0.520792,0.794389
645.088351,0.519126,0.794472
645.287829,0.520652,0.794635
645.488327,0.519123,0.794559
645.687832,0.519615,0.794310
645.888350,0.518697,0.794583
646.087872,0.519764,0.794846
646.288400,0.518806,0.794592
646.487928,0.519000,0.794700
646.688455,0.518509,0.794714
646.887995,0.518898,0.794831
647.088522,0.517713,0.794800
647.288060,0.517744,0.793536
647.488591,0.516531,0.793830
647.688103,0.517759,0.794445
647.888586,0.517905,0.795466
648.088069,0.517790,0.795052
648.288576,0.517583,0.795174
648.488086,0.517563,0.795027
648.688600,0.517510,0.795566
648.888195,0.517917,0.795124
649.087727,0.518045,0.794711
649.288268,0.518019,0.795330
649.487795,0.518356,0.795091
649.688320,0.517611,0.795638
649.887855,0.517611,0.795138
650.088393,0.517268,0.795310
650.287915,0.517663,0.794805
650.488439,0.517153,0.795841
650.687911,0.517893,0.796132
650.888393,0.518089,0.797363
651.087868,0.517859,0.796767
651.288379,0.517764,0.797089
651.487890,0.517576,0.796269
651.688421,0.518022,0.797744
651.887922,0.517757,0.797127
652.088449,0.518033,0.798530
652.287973,0.517597,0.797004
652.488501,0.518694,0.799495
652.688035,0.518029,0.797920
652.888560,0.518251,0.799099
653.088087,0.518277,0.798394
653.288608,0.518179,0.798968
653.488124,0.518099,0.798766
653.688644,0.517789,0.799162
653.888169,0.517520,0.798247
654.087689,0.517204,0.797705
654.288209,0.517721,0.797850
654.487700,0.518458,0.799378
654.688177,0.518464,0.799933
654.887660,0.517976,0.799534
655.088142,0.518217,0.800149
655.287644,0.517833,0.799292
655.488161,0.518724,0.799895
655.687665,0.517937,0.799218
655.888185,0.518842,0.800694
656.087704,0.518480,0.799889
656.288227,0.519320,0.800921
656.487745,0.518566,0.799904
656.688269,0.519837,0.800668
656.887743,0.519091,0.801833
657.088272,0.519438,0.800625
657.287795,0.519006,0.799205
657.488296,0.520570,0.801589
657.687763,0.519689,0.801752
657.888261,0.521044,0.802519
658.087753,0.519358,0.800482
658.288284,0.521700,0.802492
658.487784,0.520917,0.802129
658.688322,0.522241,0.803495
658.887836,0.521614,0.802630
659.088354,0.522839,0.804492
659.287808,0.521753,0.803522
659.488324,0.522639,0.803855
659.687842,0.522059,0.803499
659.888370,0.522798,0.804177
660.087883,0.521496,0.803072
660.288408,0.523106,0.803775
660.487902,0.523009,0.804752
660.688371,0.523876,0.805859
660.887870,0.523041,0.805247
661.088387,0.523925,0.805590
661.287872,0.523491,0.805721
661.488398,0.524696,0.805651
661.687908,0.523848,0.805692
661.888383,0.524822,0.806715
662.087896,0.524188,0.806068
662.288420,0.524939,0.805315
662.487909,0.524469,0.806245
662.688382,0.525618,0.806881
662.887874,0.524861,0.806730
663.088385,0.526013,0.806215
663.287888,0.525131,0.806146
663.488400,0.526692,0.806620
663.687902,0.525900,0.806937
663.888408,0.527058,0.806566
664.087925,0.525957,0.806390
664.288376,0.527549,0.807119
664.487896,0.525988,0.805921
664.688416,0.527736,0.805998
664.887941,0.526795,0.806350
665.088457,0.528383,0.804819
665.287917,0.527715,0.807818
665.488417,0.528807,0.805793
665.687907,0.527683,0.806053
665.888403,0.529142,0.806209
666.087914,0.527602,0.805924
666.288445,0.529934,0.806202
666.487958,0.528196,0.806037
666.688489,0.530157,0.805878
666.888076,0.529144,0.806505
667.088601,0.530746,0.806013
667.288125,0.528999,0.804982
667.488653,0.530512,0.803976
667.688153,0.529871,0.806093
667.887628,0.528704,0.806451
668.088107,0.530168,0.806339
668.288610,0.531282,0.805336
668.488111,0.530095,0.806014
668.688654,0.531868,0.805839
668.888187,0.530859,0.806014
669.087708,0.530121,0.807073
669.288254,0.531297,0.805432
669.487784,0.530094,0.806125
669.688327,0.531353,0.805102
669.887852,0.530596,0.806145
670.088399,0.530921,0.804221
670.287919,0.530154,0.804956
670.488423,0.531810,0.805402
670.687895,0.531016,0.806095
670.888387,0.531752,0.806018
671.087895,0.530856,0.805469
671.288404,0.532062,0.805457
671.487902,0.531249,0.805713
671.688434,0.532241,0.805704
671.887953,0.531920,0.805890
672.088414,0.532862,0.806039
672.287943,0.531377,0.805068
672.488458,0.531645,0.804715
672.687953,0.532059,0.805483
672.888459,0.532883,0.806912
673.087943,0.531562,0.805399
673.288451,0.532574,0.805187
673.487952,0.531954,0.805381
673.688463,0.532784,0.805897
673.887990,0.532786,0.805937
674.088494,0.532575,0.805461
674.288019,0.532287,0.805525
674.488542,0.532674,0.805220
674.688065,0.532445,0.805232
674.888598,0.532710,0.805190
675.088131,0.532701,0.805494
675.288655,0.532556,0.804932
675.488194,0.532605,0.805035
675.687726,0.532341,0.805437
675.888264,0.532470,0.804664
676.087788,0.531417,0.804395
676.288294,0.532357,0.804320
676.487767,0.532227,0.805381
676.688268,0.532499,0.804720
676.887794,0.532188,0.805376
677.088305,0.532586,0.804433
677.287831,0.532354,0.805082
677.488366,0.532239,0.804094
677.687874,0.532618,0.804930
677.888405,0.532332,0.804444
678.087926,0.532624,0.804186
678.288454,0.532269,0.804348
678.487973,0.532443,0.804886
678.688494,0.532294,0.804106
678.888029,0.532568,0.805180
679.088548,0.531567,0.802984
679.288071,0.531191,0.803142
679.488590,0.532079,0.802275
679.688100,0.532420,0.804388
679.888576,0.532360,0.804368
680.088067,0.532449,0.804886
680.288570,0.532355,0.804229
680.488071,0.532474,0.804728
680.688586,0.532432,0.804100
680.888119,0.532851,0.805104
681.088576,0.532292,0.804528
681.288096,0.532150,0.804137
681.488613,0.532282,0.803851
681.688127,0.531815,0.803990
681.888620,0.532699,0.804492
682.088096,0.532761,0.805559
682.288582,0.532825,0.804673
682.488066,0.532545,0.805611
682.688570,0.532144,0.803958
682.888081,0.532614,0.805062
683.088575,0.532691,0.804090
683.288099,0.532816,0.804577
683.488618,0.532350,0.803974
683.688073,0.532924,0.805596
683.888599,0.532933,0.804453
684.088119,0.532614,0.804534
684.288634,0.531970,0.803140
684.488159,0.531818,0.803968
684.687654,0.532614,0.805496
684.888138,0.532776,0.805299
685.087608,0.532475,0.805490
685.288099,0.532424,0.805015
685.488593,0.532380,0.804121
685.688095,0.533265,0.805081
685.888604,0.532627,0.804088
686.088106,0.532522,0.804686
686.288636,0.532313,0.804108
686.488150,0.533102,0.804925
686.687669,0.532701,0.805360
686.888202,0.532778,0.805064
687.087730,0.532881,0.805213
687.288275,0.533029,0.804143
687.487792,0.532967,0.805111
687.688325,0.532762,0.804278
687.887854,0.533120,0.805343
688.088404,0.532401,0.802878
688.287933,0.532116,0.803844
688.488424,0.532396,0.803865
688.687905,0.532767,0.804950
688.888389,0.532723,0.804353
689.087878,0.532820,0.804709
689.288387,0.532453,0.803519
689.487890,0.532774,0.804800
689.688421,0.532726,0.803726
689.887934,0.533229,0.805006
690.088461,0.532799,0.803090
690.287989,0.532679,0.804256
690.488512,0.532537,0.802850
690.688035,0.532730,0.803746
690.888574,0.533344,0.802681
691.088085,0.532648,0.803982
691.288604,0.531839,0.801368
691.488125,0.531791,0.802460
691.688619,0.532626,0.802118
691.888089,0.532728,0.803738
692.088578,0.532356,0.802093
692.288086,0.532494,0.803092
692.488595,0.532471,0.801871
692.688124,0.532756,0.802719
692.888649,0.533071,0.801906
693.088166,0.532758,0.802915
693.287685,0.532982,0.803452
693.488208,0.532885,0.802228
693.687728,0.532657,0.803112
693.888275,0.532688,0.801818
694.087797,0.532435,0.802326
694.288324,0.531495,0.800185
694.487845,0.531208,0.800591
694.688388,0.531875,0.799148
694.887883,0.532833,0.802686
695.088366,0.532490,0.800912
695.287828,0.532323,0.802100
695.488330,0.531950,0.800577
695.687844,0.532315,0.801806
695.888370,0.532272,0.800214
696.087868,0.532060,0.801063
696.288375,0.532252,0.800296
696.487884,0.531977,0.800974
696.688405,0.532554,0.800849
696.887941,0.532606,0.801502
697.088466,0.532165,0.800119
697.287992,0.532062,0.801103
697.488510,0.532316,0.800287
697.688037,0.531619,0.799575
697.888565,0.531721,0.799157
698.088077,0.532248,0.800193
698.288547,0.531588,0.799912
698.488030,0.532656,0.800626
698.688541,0.531718,0.799395
698.888043,0.532429,0.800579
699.088564,0.531872,0.799809
699.288070,0.532627,0.800347
699.488592,0.532035,0.799672
699.688115,0.531927,0.800146
699.888573,0.531254,0.799572
700.088100,0.531494,0.799502
700.288622,0.529625,0.797611
700.488131,0.531233,0.798676
700.688607,0.530194,0.798400
700.888113,0.531640,0.799155
701.088624,0.530057,0.797884
701.288154,0.530953,0.798559
701.487689,0.531825,0.799473
701.688211,0.530779,0.798768
701.887743,0.532051,0.799545
702.088209,0.530561,0.798768
702.287747,0.531110,0.798312
702.488282,0.529467,0.797069
702.687809,0.530116,0.797747
702.888349,0.529952,0.797117
703.087815,0.530197,0.798480
703.288295,0.529155,0.797488
703.487772,0.530532,0.798628
703.688265,0.529236,0.797075
703.887770,0.530182,0.798132
704.088291,0.528876,0.796969
704.287813,0.530019,0.797807
704.488351,0.528890,0.796019
704.687873,0.529710,0.797496
704.888373,0.528317,0.795508
705.087898,0.529070,0.797198
705.288419,0.527198,0.794439
705.487945,0.528549,0.794561
705.688434,0.527319,0.794705
705.887921,0.528675,0.796994
706.088389,0.527652,0.795238
706.287873,0.528432,0.796347
706.488381,0.527084,0.794364
706.687890,0.527780,0.796138
706.888390,0.527079,0.794421
707.087914,0.528355,0.795343
707.288438,0.527010,0.793876
707.487958,0.527681,0.795270
707.688478,0.526804,0.793544
707.888002,0.527819,0.794531
708.088524,0.526780,0.794548
708.288046,0.527288,0.794614
708.488567,0.526412,0.794003
708.688091,0.526248,0.793425
708.888638,0.526161,0.793799
709.088160,0.526594,0.792176
709.287671,0.527712,0.795699
709.488147,0.527010,0.794779
709.687622,0.527578,0.795291
709.888098,0.527189,0.794567
710.088587,0.525941,0.793911
710.288077,0.526758,0.794330
710.488581,0.526202,0.793852
710.688092,0.526178,0.793052
710.888599,0.525901,0.793587
711.088124,0.526721,0.794047
711.288651,0.526060,0.793613
711.488173,0.526662,0.793970
711.687695,0.527075,0.794572
711.888222,0.526665,0.793812
712.087746,0.527248,0.794327
712.288280,0.526253,0.793283
712.487804,0.526466,0.793562
712.688323,0.525553,0.793415
712.887860,0.526561,0.793488
713.088398,0.524813,0.791703
713.287920,0.525127,0.792400
713.488409,0.525086,0.793034
713.687885,0.526326,0.794132
713.888373,0.525272,0.793282
714.087888,0.525743,0.793139
714.288391,0.524436,0.792858
714.487913,0.526375,0.793691
714.688434,0.524883,0.793083
714.887965,0.526055,0.793429
715.088496,0.524534,0.792981
715.288018,0.525411,0.793511
715.488540,0.524107,0.793061
715.688004,0.525429,0.793577
715.888537,0.524117,0.793136
716.088056,0.524949,0.793380
716.288579,0.523888,0.793495
716.488103,0.524401,0.792485
716.688601,0.523446,0.793565
716.888099,0.524619,0.793379
717.088576,0.523174,0.793509
717.288064,0.524229,0.792816
717.488575,0.523050,0.793118
717.688072,0.524054,0.793455
717.888595,0.523066,0.793737
718.088120,0.524020,0.793185
718.288649,0.522591,0.793178
718.488166,0.523580,0.793515
718.687696,0.524990,0.793262
718.888222,0.523651,0.793282
719.087751,0.524280,0.792910
719.288288,0.522680,0.792943
719.487808,0.523123,0.792229
719.688345,0.521680,0.791867
719.887825,0.524077,0.793582
720.088316,0.522073,0.793279
720.287803,0.523194,0.793023
720.488308,0.521342,0.792367
720.687794,0.523315,0.792893
720.888419,0.521828,0.791465
721.087950,0.522778,0.793126
721.288474,0.521080,0.793286
721.487998,0.522285,0.793341
721.688518,0.520146,0.793586
721.888039,0.521995,0.793509
722.088554,0.520111,0.793541
722.288076,0.521295,0.792968
722.488599,0.518996,0.792516
722.688127,0.520315,0.792487
722.888644,0.519449,0.792388
723.088144,0.520925,0.793137
723.287661,0.522403,0.793727
723.488154,0.520435,0.793472
723.687668,0.521725,0.793090
723.888169,0.520023,0.793692
724.087690,0.521832,0.793564
724.288214,0.519827,0.793494
724.487742,0.520782,0.792711
724.688286,0.519324,0.792907
724.887869,0.521137,0.793940
725.088398,0.519451,0.793694
725.287926,0.520231,0.793472
725.488447,0.518948,0.793433
725.687975,0.519714,0.793629
725.888498,0.518870,0.793803
726.088022,0.518879,0.792795
726.288553,0.518355,0.791495
726.488053,0.519065,0.793261
726.688528,0.518348,0.794308
726.888028,0.518925,0.793706
727.088516,0.518251,0.793703
727.288015,0.518308,0.793506
727.488519,0.518093,0.794122
727.688038,0.519009,0.793790
727.888563,0.518449,0.793890
728.088090,0.518691,0.793823
728.288617,0.518188,0.794360
728.488144,0.518575,0.793609
728.687671,0.518623,0.793550
728.888266,0.518301,0.793089
729.087789,0.518653,0.793203
729.288330,0.517996,0.793354
729.487856,0.517493,0.792695
729.688396,0.517067,0.793113
729.887874,0.518094,0.794487
730.088365,0.517990,0.794119
730.287838,0.518173,0.794008
730.488331,0.517775,0.793960
730.687814,0.517880,0.793979
730.888339,0.518024,0.794130
731.087843,0.517768,0.793627
731.288364,0.517573,0.794055
731.487886,0.518156,0.794173
731.688408,0.518069,0.794652
731.887940,0.518069,0.794217
732.088466,0.517788,0.794873
732.287997,0.518002,0.794353
732.488455,0.518112,0.795820
732.687984,0.517400,0.793694
732.888602,0.518063,0.796398
733.088123,0.517512,0.793739
733.288642,0.517870,0.794428
733.488136,0.518358,0.794761
733.687596,0.517823,0.794869
733.888091,0.518105,0.795434
734.088600,0.518092,0.796150
734.288104,0.517940,0.795117
734.488586,0.518149,0.796622
734.688115,0.518061,0.795681
734.888643,0.518478,0.796786
735.088166,0.518219,0.795587
735.287687,0.517977,0.794941
735.488211,0.518298,0.796100
735.687733,0.517817,0.794616
735.888276,0.518074,0.795466
736.087799,0.517257,0.794315
736.288323,0.516885,0.794912
736.487819,0.517954,0.795580
736.688293,0.518445,0.796863
736.887820,0.518340,0.796410
737.088290,0.518237,0.797106
737.287781,0.518215,0.795841
737.488287,0.517843,0.796290
737.687782,0.517877,0.795540
737.888292,0.518528,0.797416
738.087816,0.518446,0.795970
738.288342,0.518745,0.797124
738.487870,0.518346,0.796529
738.688341,0.518617,0.797522
738.887875,0.518542,0.796484
739.088398,0.518297,0.796875
739.287924,0.517198,0.795448
739.488447,0.517535,0.796306
739.687950,0.517987,0.795736
739.888445,0.518450,0.797128
740.087919,0.518100,0.796355
740.288412,0.517999,0.797138
740.487910,0.518264,0.795798
740.688411,0.518125,0.797040
740.887992,0.518187,0.796468
741.088506,0.518149,0.796996
741.288040,0.518234,0.796311
741.488564,0.518425,0.797053
741.688089,0.518147,0.796242
741.888604,0.518427,0.797790
742.088123,0.518389,0.796397
742.288642,0.518338,0.797066
742.488162,0.518142,0.796136
742.687682,0.517945,0.795285
742.888205,0.518472,0.796729
743.087728,0.517802,0.794416
743.288221,0.518237,0.796173
743.487690,0.518075,0.795740
743.688181,0.517935,0.796672
743.887682,0.517975,0.795566
744.088200,0.518379,0.796319
744.287703,0.517906,0.795324
744.488217,0.518143,0.796348
744.687739,0.518174,0.795474
744.888339,0.518303,0.796487
745.087870,0.518108,0.795290
745.288399,0.518011,0.796800
745.487916,0.517512,0.795076
745.688415,0.518093,0.796445
745.887874,0.518348,0.796412
746.088364,0.517992,0.796778
746.287841,0.517909,0.795834
746.488317,0.518191,0.797387
746.687808,0.517744,0.795414
746.888316,0.517919,0.796838
747.087815,0.518131,0.796080
747.288351,0.517983,0.796111
747.487875,0.518150,0.795952
747.688400,0.518012,0.797349
747.887923,0.518193,0.796875
748.088443,0.518533,0.797276
748.287991,0.518261,0.795893
748.488453,0.518470,0.798229
748.687972,0.516410,0.794998
748.888554,0.518035,0.797517
749.088074,0.517515,0.795850
749.288576,0.518313,0.797205
749.488053,0.518120,0.797343
749.688524,0.518443,0.798641
749.888001,0.518224,0.797674
750.088488,0.518371,0.798137
750.288016,0.518006,0.797184
750.488499,0.518275,0.798635
750.688027,0.518008,0.797060
750.888560,0.518648,0.799229
751.088080,0.518199,0.797649
751.288629,0.518541,0.798781
751.488153,0.518610,0.797971
751.687676,0.518125,0.797119
751.888205,0.518418,0.798415
752.087724,0.517411,0.796554
752.288248,0.517842,0.796044
752.487732,0.517975,0.797974
752.688195,0.518173,0.798625
752.887730,0.518266,0.798301
753.088219,0.518413,0.798546
753.287722,0.518164,0.797782
753.488219,0.518227,0.798414
753.687717,0.518035,0.797886
753.888259,0.518616,0.798707
754.087771,0.518592,0.798340
754.288296,0.518408,0.798452
754.487819,0.518467,0.798316
754.688357,0.519073,0.799503
754.887888,0.518485,0.799518
755.088401,0.518805,0.799107
755.287930,0.518169,0.798850
755.488447,0.518996,0.799696
755.687990,0.517164,0.797826
755.888489,0.517618,0.801440
756.087989,0.516934,0.801469
756.288454,0.517494,0.802644
756.487928,0.516691,0.801492
756.688427,0.518270,0.801607
756.887974,0.518723,0.800754
757.088481,0.519495,0.801014
757.287933,0.519074,0.800884
757.488459,0.519581,0.800806
757.687993,0.518835,0.800079
757.888526,0.520546,0.801824
758.088041,0.518764,0.800139
758.288582,0.520442,0.798992
758.488136,0.519907,0.798913
758.688641,0.520990,0.801225
758.888112,0.520877,0.801578
759.088591,0.522063,0.802559
759.288087,0.520589,0.802081
759.488595,0.521834,0.802404
759.688116,0.521039,0.801470
759.888646,0.522632,0.803164
760.088189,0.521877,0.801678
760.287722,0.520862,0.801294
760.488194,0.521826,0.802777
760.687729,0.520625,0.800471
760.888304,0.522202,0.802643
761.087842,0.520760,0.800880
761.288390,0.522320,0.802403
761.487987,0.522160,0.801856
761.688524,0.523671,0.803569
761.888096,0.522851,0.803213
762.088602,0.523911,0.804583
762.288094,0.523167,0.804209
762.488593,0.524044,0.805017
762.688163,0.523845,0.803508
762.887674,0.523152,0.803970
763.088222,0.524297,0.804773
763.287768,0.522663,0.803662
763.488338,0.524770,0.804630
763.687874,0.523933,0.804946
763.888417,0.524913,0.805671
764.087948,0.524421,0.805086
764.288494,0.525248,0.805493
764.488030,0.524221,0.805192
764.688507,0.525508,0.806305
764.888074,0.524455,0.804620
765.088606,0.525311,0.804936
765.288177,0.525026,0.804574
765.487671,0.524770,0.806185
765.688161,0.525859,0.806275
765.887647,0.524516,0.805743
766.088129,0.525910,0.806086
766.288617,0.527357,0.805499
766.488142,0.526425,0.805952
766.687663,0.525211,0.805482
766.888203,0.526979,0.805940
767.087758,0.525341,0.805153
767.288299,0.527427,0.805504
767.487795,0.526132,0.805468
767.688342,0.528597,0.805494
767.887870,0.527375,0.805957
768.088408,0.527791,0.804511
768.287970,0.526827,0.803923
768.488472,0.528867,0.804200
768.687979,0.528377,0.805368
768.888441,0.529997,0.805285
769.087940,0.528623,0.806167
769.288401,0.530344,0.806135
769.487816,0.527966,0.805423
769.688299,0.530036,0.805089
769.887909,0.528502,0.806015
770.088486,0.530966,0.804013
770.287987,0.529905,0.805709
770.488416,0.530738,0.804836
770.687936,0.529774,0.805541
770.888275,0.530792,0.805273
771.087770,0.529927,0.805817
771.288300,0.531407,0.805548
771.487745,0.530150,0.805588
771.688280,0.531045,0.804955
771.887951,0.530298,0.805409
772.088471,0.531269,0.804202
772.288037,0.530797,0.807335
772.488517,0.531665,0.803866
772.688012,0.531130,0.805372
772.888652,0.532212,0.805235
773.088154,0.530843,0.804107
773.287644,0.530691,0.805692
773.488076,0.531393,0.804928
773.688547,0.532544,0.805801
773.888206,0.531631,0.805010
774.087721,0.530705,0.805196
774.288263,0.531518,0.804703
774.487705,0.531357,0.804098
774.688251,0.531945,0.804731
774.887940,0.530901,0.804845
775.088489,0.531950,0.804316
775.288009,0.531265,0.804404
775.488504,0.531602,0.804089
775.688038,0.531287,0.804209
775.888533,0.532548,0.803677
776.088125,0.532462,0.805403
776.288634,0.533061,0.805499
776.488063,0.532009,0.805300
776.688551,0.532356,0.804971
776.888102,0.532235,0.805826
777.088479,0.532763,0.805193
777.287931,0.532473,0.805517
777.488350,0.532488,0.805378
777.687758,0.531654,0.805789
777.888188,0.531946,0.806397
778.088108,0.531756,0.806421
778.288599,0.531366,0.806015
778.488052,0.531084,0.806990
778.688521,0.530655,0.806859
778.888005,0.530603,0.806767
779.088470,0.530621,0.806532
779.287933,0.530797,0.807113
779.488372,0.530811,0.806158
779.688198,0.531524,0.806135
779.888191,0.531245,0.804625
780.088042,0.531908,0.805504
780.288517,0.531680,0.803988
780.488016,0.532729,0.804638
780.688504,0.532750,0.804084
780.888195,0.532988,0.805231
781.087727,0.532806,0.805182
781.288165,0.532554,0.804697
781.487841,0.532836,0.805162
781.688320,0.532384,0.803854
781.887814,0.531950,0.804777
782.088315,0.532082,0.804296
782.287817,0.531808,0.805185
782.488260,0.531031,0.804012
782.687897,0.530826,0.804910
782.888331,0.530538,0.803663
783.087829,0.531091,0.806577
783.288315,0.530754,0.804840
783.487783,0.531010,0.806250
783.688301,0.530661,0.804338
783.887818,0.531043,0.805960
784.088345,0.531109,0.804119
784.287880,0.531088,0.805278
784.488368,0.530165,0.802879
784.687882,0.531282,0.805052
784.888483,0.531066,0.804718
785.088004,0.531254,0.805059
785.288520,0.531056,0.803628
785.488025,0.530953,0.805399
785.688559,0.530777,0.803700
785.888174,0.532321,0.802339
786.087705,0.531394,0.805130
786.288234,0.530852,0.803941
786.487755,0.531039,0.806459
786.688329,0.531179,0.802515
786.887893,0.530895,0.806022
787.088466,0.530865,0.801176
787.287998,0.530787,0.803874
787.488497,0.530840,0.802055
787.688021,0.531004,0.802344
787.888507,0.531156,0.802704
788.087998,0.531470,0.803182
788.288491,0.531477,0.801929
788.488438,0.531755,0.792590
788.687968,0.532033,0.802003
788.888508,0.531779,0.800937
789.087951,0.531555,0.802345
789.288474,0.532207,0.801017
789.487963,0.532275,0.801527
789.688520,0.531873,0.800359
789.888137,0.532212,0.801483
790.087714,0.532190,0.801709
790.288273,0.531998,0.800246
790.487733,0.530801,0.800168
790.688297,0.532022,0.800294
790.887809,0.532861,0.802938
791.088377,0.532021,0.799403
791.287893,0.531578,0.800603
791.488294,0.532253,0.800867
791.687782,0.532237,0.803410
791.888414,0.532033,0.801091
792.087742,0.532267,0.801793
792.288254,0.531848,0.800106
792.487688,0.531818,0.801164
792.688222,0.531947,0.800651
792.887869,0.532153,0.802294
793.088423,0.531966,0.799450
793.287955,0.532256,0.800794
793.488454,0.532690,0.802215
793.687996,0.531932,0.800308
793.888494,0.532027,0.800015
794.088031,0.532304,0.800471
794.288570,0.531682,0.799637
794.488039,0.532503,0.800877
794.688615,0.532251,0.799049
794.888140,0.531879,0.800624
795.088151,0.530609,0.798605
795.287684,0.531633,0.800141
795.488150,0.531915,0.798795
795.687672,0.532065,0.802654
795.888107,0.532074,0.800775
796.087912,0.532359,0.801228
796.288366,0.532032,0.800138
796.487813,0.531861,0.800378
796.688300,0.531509,0.799574
796.887823,0.531901,0.800422
797.088372,0.531824,0.799050
797.287897,0.532496,0.800276
797.488465,0.533700,0.798227
797.687993,0.532278,0.800881
797.888551,0.532172,0.799316
798.088092,0.531682,0.798879
798.288618,0.531052,0.798302
798.488098,0.531229,0.799293
798.688621,0.530901,0.797757
798.888145,0.532216,0.800095
799.087625,0.531930,0.800638
799.288101,0.531441,0.799558
799.488530,0.531360,0.799297
799.688018,0.531895,0.800194
799.888622,0.532231,0.799178
800.088096,0.531907,0.799874
800.287814,0.532221,0.800160
800.487643,0.532162,0.800289
800.688049,0.531926,0.800002
800.887937,0.532108,0.800142
801.088390,0.531510,0.799070
801.288363,0.531248,0.798329
801.487949,0.531804,0.800153
801.688407,0.530680,0.798604
801.888038,0.531202,0.799868
802.088027,0.531198,0.800213
802.288442,0.529839,0.799067
802.488034,0.530361,0.798704
802.688479,0.529632,0.798225
802.888016,0.529983,0.799270
803.088446,0.529695,0.800120
803.287881,0.530469,0.801551
803.488284,0.530052,0.801200
803.687694,0.530069,0.802169
803.888145,0.529697,0.801762
804.088512,0.528808,0.800568
804.287944,0.529837,0.801443
804.487619,0.530116,0.802104
804.688077,0.529300,0.801540
804.888652,0.528580,0.801164
805.087974,0.529782,0.801543
805.288409,0.528811,0.800027
805.487838,0.529306,0.800979
805.688517,0.528604,0.799344
805.887966,0.529913,0.800534
806.087827,0.530436,0.800579
806.288260,0.529683,0.799120
806.488161,0.530748,0.799626
806.688611,0.529158,0.798325
806.888128,0.530618,0.799083
807.087798,0.530879,0.799079
807.288267,0.530462,0.798381
807.488175,0.530994,0.799426
807.687617,0.531520,0.799542
807.888139,0.530575,0.797934
808.087830,0.530929,0.798580
808.288329,0.529198,0.796412
808.487815,0.529762,0.797307
808.688316,0.528863,0.796189
808.887759,0.530474,0.798704
809.088199,0.529429,0.797830
809.287612,0.530559,0.799041
809.488096,0.529176,0.798394
809.688487,0.527719,0.797228
809.887941,0.528728,0.798674
810.088355,0.527474,0.797933
810.288080,0.528571,0.798982
810.488411,0.527021,0.797978
810.687863,0.528179,0.799330
810.888425,0.527045,0.798203
811.087878,0.527624,0.799035
811.288357,0.526383,0.797643
811.487771,0.527328,0.799329
811.688296,0.525991,0.797560
811.888099,0.526846,0.798702
812.088500,0.525366,0.797448
812.287988,0.527153,0.799017
812.488436,0.526134,0.797331
812.688324,0.525774,0.796748
812.888306,0.526350,0.797391
813.087827,0.527484,0.798215
813.288321,0.526036,0.796154
813.487901,0.527494,0.798970
813.688270,0.526439,0.797668
813.887688,0.528179,0.799177
814.088085,0.527294,0.797779
814.288449,0.526551,0.796747
814.487832,0.528173,0.798395
814.688230,0.527421,0.796928
814.887630,0.528701,0.798064
815.088038,0.527600,0.796535
815.288438,0.526960,0.795820
815.487829,0.528614,0.797603
815.688230,0.527548,0.796060
815.887626,0.528506,0.797102
816.088031,0.527894,0.796387
816.288392,0.527426,0.795564
816.487568,0.529184,0.797558
816.687971,0.528260,0.796524
816.888562,0.527374,0.795305
817.087967,0.528002,0.796959
817.288434,0.527415,0.795510
817.487889,0.528556,0.797805
817.688296,0.527469,0.796018
817.887734,0.528606,0.797786
818.087962,0.528022,0.797314
818.288369,0.526858,0.796248
818.487862,0.527241,0.797822
818.687606,0.528443,0.798501
818.888023,0.527538,0.797993
819.088411,0.526454,0.797141
819.287753,0.528000,0.798620
819.487977,0.527393,0.798361
819.688320,0.526279,0.797910
819.888593,0.526178,0.796509
820.088007,0.526893,0.798310
820.288462,0.526396,0.797184
820.487897,0.527252,0.799716
820.688320,0.526451,0.797695
820.887767,0.527405,0.799035
821.088174,0.526757,0.798309
821.287597,0.527781,0.799587
821.487953,0.527010,0.798951
821.688378,0.526532,0.797577
821.887831,0.527327,0.798308
822.088269,0.526575,0.797597
822.287710,0.528120,0.800598
822.488116,0.527270,0.798363
822.688534,0.526657,0.797414
822.888022,0.527149,0.799259
823.088448,0.526149,0.797584
823.287856,0.528675,0.799618
823.488214,0.527815,0.798619
823.687728,0.528764,0.797983
823.888258,0.528267,0.797182
824.087842,0.530326,0.796946
824.288438,0.528160,0.793876
824.487854,0.528058,0.796445
824.688406,0.527512,0.794823
824.887978,0.529460,0.797321
825.088381,0.528858,0.796193
825.287853,0.529957,0.797854
825.488271,0.529099,0.796199
825.687755,0.529365,0.797761
825.888292,0.529204,0.797293
826.087794,0.530198,0.798525
826.288284,0.528796,0.797554
826.487761,0.529931,0.799147
826.688278,0.527365,0.797986
826.887806,0.529428,0.800025
827.088343,0.527775,0.798088
827.287836,0.529175,0.800648
827.488310,0.528295,0.801197
827.687808,0.529137,0.801682
827.888383,0.528185,0.800271
828.087908,0.529563,0.800095
828.288437,0.527426,0.799227
828.487892,0.528464,0.798788
828.688402,0.528123,0.800087
828.887892,0.529124,0.802193
829.088369,0.528132,0.800494
829.287852,0.529092,0.802235
829.488387,0.528781,0.800944
829.687884,0.529100,0.802131
829.888438,0.528710,0.800552
830.087952,0.529217,0.801836
830.288456,0.528469,0.801337
830.487958,0.529329,0.803006
830.688467,0.528537,0.800701
830.888042,0.529477,0.801007
831.088570,0.529065,0.801134
831.288102,0.529106,0.802471
831.488519,0.529179,0.801681
831.687996,0.529470,0.802593
831.888559,0.529002,0.800811
832.088088,0.528509,0.801407
832.288619,0.528493,0.801091
832.488135,0.527759,0.800666
832.687612,0.529978,0.804015
832.888118,0.529590,0.803761
833.088582,0.529578,0.802502
833.288051,0.529704,0.802143
833.488505,0.529427,0.802437
833.687989,0.531104,0.801917
833.888487,0.531379,0.801236
834.087983,0.531112,0.799880
834.288472,0.531814,0.800029
834.487936,0.531618,0.799907
834.688491,0.532477,0.799785
834.888959,0.532418,0.800455
835.088473,0.532199,0.799165
835.287987,0.532328,0.799693
835.488496,0.532058,0.798990
835.688016,0.531622,0.798684
835.888564,0.531880,0.797538
836.088123,0.532035,0.799296
836.288618,0.532903,0.798679
836.488069,0.533087,0.800058
836.688564,0.532948,0.799383
836.888073,0.533164,0.800179
837.088519,0.532721,0.799825
837.288003,0.533252,0.800787
837.488476,0.532919,0.799504
837.687952,0.533406,0.800383
837.888447,0.533130,0.799442
838.088145,0.533090,0.799880
838.287640,0.533698,0.801457
838.488115,0.533207,0.799801
838.688642,0.533248,0.799182
838.888164,0.533513,0.800265
839.087920,0.533575,0.800800
839.288444,0.533029,0.799244
839.487924,0.533485,0.799983
839.688451,0.531918,0.797608
839.887992,0.533673,0.800383
840.088471,0.533622,0.799881
840.287943,0.533471,0.801294
840.488376,0.532957,0.799462
840.687855,0.533228,0.800995
840.888699,0.534035,0.799435
841.088206,0.533309,0.800145
841.287737,0.535676,0.801249
841.488190,0.533319,0.800274
841.687677,0.533818,0.801867
841.888267,0.535071,0.799864
842.087920,0.533505,0.800714
842.288448,0.533230,0.799765
842.487929,0.533606,0.801321
842.688446,0.533504,0.800022
842.887899,0.533537,0.800690
843.087803,0.532973,0.800166
843.288508,0.533481,0.797843
843.488456,0.533722,0.799368
843.688127,0.534121,0.799953
843.888590,0.533719,0.798241
844.088379,0.534042,0.799582
844.287888,0.533938,0.800250
844.488437,0.533439,0.800261
844.687902,0.533664,0.801137
844.888401,0.533276,0.800289
845.087875,0.532813,0.802012
845.288325,0.532322,0.801300
845.487906,0.532041,0.802490
845.688381,0.531453,0.801981
845.887721,0.531409,0.804526
846.088232,0.530962,0.803391
846.287718,0.530346,0.804647
846.488271,0.529937,0.803412
846.687756,0.529727,0.805593
846.888349,0.529294,0.803745
847.087853,0.529398,0.804701
847.288625,0.528672,0.803658
847.488134,0.528503,0.804423
847.687669,0.528998,0.806330
847.888206,0.528607,0.803901
848.088060,0.528273,0.803799
848.288672,0.528019,0.802071
848.488239,0.528800,0.801352
848.688057,0.530694,0.802488
848.888754,0.530056,0.803531
849.088123,0.530584,0.802039
849.287713,0.531499,0.804183
849.488147,0.531428,0.802045
849.687760,0.532300,0.802862
849.888233,0.532275,0.800152
850.087716,0.532864,0.801610
850.288193,0.532850,0.799666
850.487649,0.533612,0.800704
850.688098,0.533361,0.798782
850.887629,0.533913,0.799857
851.088135,0.533337,0.798379
851.288579,0.533372,0.797941
851.487985,0.533392,0.798331
851.688482,0.533131,0.797438
851.888161,0.533464,0.798320
852.088630,0.533160,0.798377
852.288443,0.533003,0.798690
852.487932,0.533111,0.799880
852.687928,0.532105,0.800112
852.889041,0.531842,0.798368
853.088635,0.531534,0.799966
853.288162,0.531346,0.800722
853.487665,0.530929,0.802141
853.687687,0.530529,0.802760
853.888225,0.530091,0.801742
854.087716,0.529413,0.803027
854.287708,0.529252,0.803324
854.488189,0.528635,0.802965
854.687780,0.528662,0.803777
854.888421,0.527886,0.803293
855.087974,0.527908,0.801991
855.288480,0.527041,0.800786
855.488449,0.527193,0.801074
855.687894,0.528575,0.803281
855.887751,0.528702,0.803770
856.088089,0.528371,0.802607
856.288531,0.528029,0.801645
856.488069,0.529003,0.802239
856.688548,0.528736,0.800182
856.888090,0.529333,0.801000
857.088541,0.529471,0.799771
857.287984,0.530616,0.801374
857.488423,0.529826,0.799542
857.688160,0.530751,0.799040
857.887940,0.531099,0.799143
858.088409,0.530558,0.798277
858.287923,0.532290,0.798458
858.488558,0.530700,0.796203
858.688543,0.530983,0.796230
858.888327,0.532124,0.794029
859.088215,0.531571,0.796005
859.287918,0.532424,0.796364
859.487717,0.532723,0.796594
859.688252,0.531345,0.795070
859.887899,0.532811,0.795717
860.087841,0.533328,0.796865
860.288401,0.530307,0.793701
860.487903,0.531882,0.795130
860.688412,0.530719,0.795151
860.887909,0.531765,0.797055
861.088369,0.530323,0.796031
861.287840,0.531341,0.797418
861.488336,0.529939,0.796361
861.687823,0.530733,0.797251
861.888319,0.529421,0.797024
862.087824,0.529924,0.798221
862.288288,0.528519,0.797576
862.487873,0.529134,0.797924
862.687751,0.529066,0.798888
862.888116,0.527644,0.797783
863.087928,0.528194,0.798959
863.288475,0.527030,0.797644
863.488018,0.528312,0.798412
863.688570,0.526971,0.797107
863.888678,0.527833,0.792179
864.088116,0.527219,0.795720
864.288710,0.526385,0.797759
864.488221,0.527357,0.796927
864.687819,0.527966,0.800837
864.888458,0.526377,0.797680
865.088558,0.526761,0.796984
865.288144,0.526832,0.796560
865.487694,0.527573,0.800108
865.688203,0.527273,0.798279
865.887799,0.528197,0.799313
866.088265,0.524960,0.798242
866.287805,0.527269,0.798423
866.488289,0.526457,0.796231
866.687833,0.527500,0.796923
866.888421,0.527117,0.795034
867.088011,0.527611,0.795941
867.288579,0.526880,0.794158
867.488066,0.527667,0.795160
867.688636,0.526791,0.793490
867.888192,0.527346,0.794121
868.088467,0.527777,0.783197
868.288098,0.527791,0.793391
868.488609,0.526437,0.792729
868.688176,0.526523,0.792897
868.887763,0.526828,0.795429
869.088214,0.527444,0.794821
869.287657,0.528241,0.795921
869.488100,0.527046,0.794506
869.688582,0.526495,0.792673
869.888038,0.527375,0.796129
870.087614,0.527947,0.795080
870.288104,0.527701,0.794608
870.488556,0.526470,0.793130
870.687985,0.527130,0.794205
870.888529,0.526460,0.794822
871.087960,0.527478,0.794130
871.288400,0.526379,0.793771
871.487825,0.527256,0.794206
871.688291,0.526279,0.793558
871.887740,0.526866,0.795001
872.088202,0.525405,0.794811
872.287633,0.525829,0.795483
872.488059,0.525206,0.795777
872.688503,0.523421,0.795946
872.887977,0.523367,0.795466
873.088388,0.522879,0.796418
873.287813,0.523773,0.796751
873.488196,0.523212,0.796917
873.687623,0.524316,0.797779
873.888060,0.523316,0.796709
874.088575,0.521427,0.795307
874.288042,0.522933,0.796241
874.488480,0.521930,0.795792
874.688017,0.522720,0.794967
874.888507,0.521516,0.795649
875.088180,0.522061,0.795092
875.287625,0.524032,0.796034
875.488128,0.522749,0.794988
875.687653,0.523054,0.795590
875.888188,0.521654,0.795529
876.087656,0.522771,0.796053
876.288192,0.521705,0.794816
876.487635,0.523410,0.796409
876.688106,0.521543,0.796242
876.888598,0.520738,0.796152
877.088071,0.521864,0.795475
877.288571,0.520535,0.795806
877.488052,0.522002,0.795916
877.688625,0.519647,0.795437
877.888140,0.521572,0.795746
878.087677,0.522225,0.795165
878.288216,0.521288,0.795576
878.487723,0.522935,0.794838
878.688249,0.521435,0.796770
878.887801,0.521604,0.795064
879.088314,0.520431,0.795042
879.287844,0.521537,0.795759
879.488359,0.519968,0.794932
879.687880,0.520700,0.793580
879.888406,0.519421,0.793774
880.088026,0.520797,0.795381
880.288499,0.519309,0.796423
880.488031,0.521299,0.796190
880.688520,0.519285,0.795782
880.887998,0.521385,0.795213
881.087729,0.522457,0.795846
881.288268,0.520688,0.794819
881.487745,0.521810,0.795275
881.688303,0.520245,0.794943
881.887869,0.521738,0.795358
882.088419,0.519797,0.795409
882.287960,0.520965,0.795102
882.488470,0.519727,0.795156
882.687989,0.520400,0.794680
882.888616,0.519489,0.794322
883.088141,0.520273,0.794629
883.287831,0.521041,0.794740
883.488314,0.519050,0.794246
883.687888,0.519290,0.793875
883.888400,0.518420,0.794469
884.088176,0.519108,0.793100
884.287693,0.520830,0.795987
884.488085,0.519330,0.795632
884.688708,0.517966,0.795826
884.888182,0.518607,0.795180
885.087670,0.519157,0.795447
885.288152,0.519739,0.795831
885.487572,0.520837,0.794768
885.688094,0.519267,0.794671
885.888587,0.517677,0.794737
886.088241,0.518677,0.794464
886.287810,0.520101,0.794856
886.488320,0.518195,0.793949
886.687963,0.518673,0.792396
886.888520,0.518031,0.795101
887.088086,0.518620,0.794663
887.288624,0.517728,0.795539
887.488096,0.518412,0.794867
887.688620,0.517524,0.794975
887.888170,0.518399,0.794735
888.087688,0.518513,0.793937
888.288226,0.517735,0.793613
888.487763,0.519231,0.796298
888.688277,0.518111,0.794392
888.887886,0.519573,0.795594
889.088365,0.517733,0.795072
889.287857,0.518664,0.795473
889.488280,0.517448,0.795038
889.687817,0.518390,0.794581
889.888356,0.517479,0.794651
890.088119,0.518165,0.789651
890.288650,0.513999,0.794168
890.488105,0.516380,0.794902
890.688662,0.517022,0.795048
890.888227,0.517355,0.794532
891.087782,0.516091,0.794075
891.288336,0.507118,0.793602
891.487811,0.502556,0.796447
891.688347,0.512752,0.794317
891.887929,0.516104,0.795228
892.088406,0.517370,0.795407
892.287889,0.516292,0.795280
892.488339,0.516348,0.794533
892.687857,0.516435,0.794817
892.888362,0.516846,0.794988
893.087857,0.517659,0.794512
893.288397,0.516732,0.794567
893.487876,0.517405,0.793292
893.688431,0.517006,0.795314
893.887889,0.517148,0.795439
894.088466,0.513039,0.794251
894.288035,0.517339,0.793939
894.488516,0.516674,0.793711
894.688067,0.512239,0.794064
894.888738,0.441840,0.807573
895.088224,0.520477,0.795600
895.287726,0.501060,0.795357
895.488213,0.455593,0.804913
895.687776,0.509041,0.795362
895.888340,0.464885,0.801774
896.087886,0.451659,0.805770
896.288448,0.516248,0.795701
896.487911,0.516825,0.795178
896.688467,0.515735,0.795467
896.888031,0.516587,0.794038
897.088549,0.516335,0.796274
897.288054,0.516473,0.796037
897.488498,0.516920,0.796820
897.687997,0.515790,0.796481
897.888447,0.466469,0.804118
898.087927,0.445211,0.807584
898.288454,0.451128,0.808749
898.487878,0.515016,0.796668
898.688430,0.454065,0.804545
898.887965,0.517478,0.796990
899.088491,0.513083,0.798140
899.288033,0.445874,0.807456
899.488486,0.518218,0.799185
899.688040,0.505092,0.797043
899.888542,0.496743,0.802935
900.088086,0.512935,0.798422
900.288628,0.465751,0.806856
900.488088,0.505704,0.798428
900.688640,0.503802,0.800326
900.888300,0.453307,0.806223
901.087839,0.518699,0.800676
901.288339,0.507850,0.799044
901.487764,0.473130,0.803007
901.688280,0.516393,0.799396
901.887833,0.499655,0.801646
902.088375,0.518273,0.799631
902.287898,0.517177,0.799451
902.488385,0.517725,0.800272
902.687950,0.517514,0.799922
902.888601,0.518254,0.800339
903.088161,0.516653,0.799168
903.287725,0.517193,0.801321
903.488293,0.518334,0.800876
903.687870,0.517448,0.799037
903.888463,0.518498,0.800710
904.088296,0.518161,0.799948
904.287769,0.518084,0.801374
904.488266,0.518246,0.799946
904.687773,0.518097,0.800916
904.888313,0.519352,0.800322
905.087892,0.518321,0.801505
905.288394,0.519825,0.802316
905.487841,0.518465,0.800811
905.688380,0.519421,0.801614
905.887946,0.519050,0.801220
906.088531,0.519789,0.802052
906.288078,0.518801,0.800949
906.488554,0.519737,0.801904
906.688068,0.519708,0.802074
906.888552,0.521134,0.804073
907.088051,0.520348,0.802323
907.288568,0.521026,0.803867
907.488036,0.520070,0.802547
907.688581,0.521386,0.804051
907.888124,0.520510,0.802806
908.088654,0.521602,0.803774
908.288200,0.520779,0.803154
908.487751,0.520202,0.803214
908.688313,0.521294,0.803465
908.887963,0.520756,0.802828
909.088502,0.521662,0.804706
909.287985,0.521176,0.804349
909.488495,0.521795,0.805312
909.688051,0.520661,0.803388
909.888606,0.521681,0.805376
910.088149,0.521188,0.803139
910.287630,0.520951,0.804320
910.488084,0.521610,0.805541
910.688566,0.521989,0.806724
910.888051,0.521527,0.806110
911.087644,0.520534,0.804729
911.288137,0.521397,0.806018
911.487563,0.520453,0.804717
911.688108,0.521659,0.806025
911.888611,0.522742,0.806990
912.088415,0.522498,0.806456
912.287972,0.521778,0.805591
912.488365,0.522655,0.807299
912.687955,0.522813,0.805557
912.888589,0.521585,0.807263
913.088497,0.524839,0.801823
913.288033,0.524025,0.803903
913.488503,0.515885,0.799385
913.688041,0.520478,0.804628
913.888488,0.523927,0.806861
914.088032,0.522646,0.806457
914.288516,0.522422,0.803213
914.487963,0.519109,0.806135
914.688503,0.523407,0.804592
914.888011,0.522377,0.805256
915.088648,0.523989,0.807088
915.288186,0.523158,0.803695
915.487648,0.513546,0.800032
915.688196,0.513683,0.799115
915.887832,0.515321,0.798147
916.088408,0.513764,0.798536
916.287968,0.513428,0.797725
916.488452,0.515476,0.796818
916.687997,0.513621,0.798608
916.888650,0.517744,0.800491
917.088162,0.514856,0.800079
917.287657,0.513072,0.800584
917.488128,0.514638,0.799250
917.687639,0.514322,0.798819
917.888390,0.514684,0.798393
918.087907,0.514062,0.799896
918.288445,0.515252,0.799345
918.487925,0.518895,0.799456
918.688475,0.518729,0.805472
918.888134,0.522694,0.807562
919.087685,0.525807,0.802370
919.288265,0.520434,0.806713
919.487705,0.521312,0.808651
919.688260,0.522710,0.808046
919.887802,0.523930,0.807486
920.088363,0.526370,0.805812
920.287852,0.526236,0.804385
920.488302,0.527823,0.804083
920.687815,0.526587,0.804202
920.888365,0.527364,0.804259
921.087902,0.524544,0.806172
921.288442,0.524156,0.808942
921.487912,0.522808,0.808887
921.688458,0.526426,0.807282
921.888044,0.527019,0.804864
922.088587,0.529106,0.803550
922.288162,0.527562,0.804441
922.487535,0.526076,0.807224
922.687968,0.525528,0.809417
922.888369,0.525272,0.809901
923.087672,0.523666,0.810261
923.288105,0.525236,0.809913
923.488493,0.527598,0.809080
923.687925,0.527208,0.807623
923.888354,0.525394,0.808389
924.087793,0.524720,0.809681
924.288225,0.529873,0.806592
924.487611,0.523017,0.803168
924.688050,0.527290,0.808564
924.888533,0.531705,0.804938
925.087893,0.520247,0.803054
925.288322,0.523661,0.800258
925.487715,0.524852,0.809811
925.688149,0.526290,0.810082
925.887593,0.519242,0.802866
926.088044,0.520150,0.800853
926.288475,0.532528,0.804906
926.487859,0.527629,0.809775
926.688309,0.527747,0.809458
926.887746,0.529541,0.809492
927.088239,0.526393,0.808285
927.287666,0.521731,0.801974
927.488161,0.522020,0.804276
927.687699,0.525210,0.806814
927.888263,0.527902,0.803188
928.087760,0.530892,0.805516
928.288241,0.531117,0.804022
928.487680,0.525085,0.806638
928.688183,0.527870,0.805738
928.887779,0.530879,0.804333
929.088329,0.531583,0.803711
929.287846,0.528515,0.807934
929.488341,0.520285,0.799105
929.687823,0.520505,0.800485
929.888396,0.520474,0.799414
930.087958,0.519443,0.800304
930.288502,0.520855,0.798699
930.487972,0.519472,0.800463
930.688527,0.519846,0.798043
930.888171,0.520272,0.800144
931.087642,0.519926,0.799443
931.288127,0.525622,0.806063
931.488570,0.530493,0.805743
931.688074,0.532373,0.802932
931.888583,0.531453,0.804828
932.088171,0.528100,0.806453
932.287703,0.528190,0.806322
932.488187,0.532437,0.803567
932.687725,0.526940,0.808171
932.888360,0.526939,0.808653
933.087904,0.528439,0.804535
933.288441,0.530942,0.806197
933.487930,0.529642,0.806507
933.688470,0.531524,0.802308
933.887974,0.531087,0.806477
934.088464,0.532686,0.804798
934.287944,0.526669,0.807713
934.488383,0.528903,0.808273
934.687887,0.527193,0.806076
934.888419,0.531706,0.803459
935.087947,0.527179,0.805225
935.288462,0.527632,0.808171
935.487926,0.527674,0.807115
935.688462,0.527775,0.806538
935.888019,0.526369,0.808216
936.088555,0.530672,0.804622
936.288082,0.528270,0.806124
936.488563,0.531425,0.802664
936.688097,0.530592,0.802116
936.888751,0.531889,0.804032
937.088244,0.529979,0.804037
937.287747,0.527365,0.804624
937.488213,0.525870,0.807990
937.687750,0.528332,0.805045
937.888254,0.530112,0.806989
938.087786,0.528326,0.807575
938.288330,0.528041,0.807855
938.487803,0.525255,0.805248
938.688358,0.527163,0.806738
938.887922,0.524733,0.808580
939.088460,0.527851,0.806829
939.287994,0.525869,0.806964
939.488476,0.526710,0.806154
939.687989,0.526299,0.805221
939.888473,0.529627,0.805220
940.087975,0.529124,0.808063
940.288466,0.528882,0.808246
940.487934,0.525279,0.808699
940.688471,0.527987,0.807485
940.888101,0.526536,0.808129
941.088645,0.530880,0.807007
941.288108,0.527120,0.808141
941.488603,0.528140,0.807334
941.688142,0.526826,0.806612
941.887735,0.527955,0.806771
942.088221,0.528450,0.807977
942.287692,0.524875,0.809302
942.488131,0.530645,0.807907
942.687612,0.529745,0.805710
942.888306,0.526802,0.808729
943.088457,0.531030,0.807364
943.287973,0.527978,0.805256
943.488451,0.527975,0.808063
943.687988,0.528775,0.805431
943.888533,0.529266,0.808232
944.088078,0.530794,0.806451
944.288603,0.533033,0.804563
944.488055,0.531752,0.802557
944.688590,0.532215,0.804665
944.888252,0.530192,0.803412
945.087725,0.527705,0.808598
945.288216,0.528192,0.806709
945.487624,0.527305,0.807822
945.688142,0.530306,0.806812
945.887791,0.530097,0.806385
946.088318,0.529122,0.807324
946.287798,0.533341,0.803397
946.488256,0.532613,0.801980
946.687788,0.532015,0.803527
946.888281,0.531200,0.805839
947.087825,0.528841,0.806319
947.288363,0.528955,0.805714
947.487802,0.528819,0.808176
947.688294,0.529130,0.807356
947.887819,0.530269,0.807458
948.088345,0.531084,0.804885
948.287857,0.532020,0.804782
948.488338,0.532633,0.802906
948.687874,0.533506,0.802789
948.888550,0.533772,0.798351
949.088100,0.533273,0.801730
949.288651,0.533350,0.801474
949.488167,0.532938,0.802791
949.687680,0.531453,0.803156
949.888618,0.531229,0.802971
950.088160,0.529874,0.804365
950.287694,0.529647,0.804879
950.488127,0.529124,0.804236
950.687616,0.529066,0.807709
950.888141,0.529047,0.806592
951.087624,0.529691,0.807273
951.288116,0.529667,0.805186
951.488522,0.529646,0.803492
951.688041,0.530861,0.803727
951.888373,0.531941,0.802119
952.087893,0.532244,0.801937
952.288431,0.532683,0.799999
952.487825,0.533304,0.800847
952.688389,0.532499,0.797914
952.888061,0.533420,0.799189
953.088598,0.532401,0.797235
953.288140,0.532172,0.797884
953.487589,0.533104,0.797823
953.688103,0.532635,0.799235
953.888397,0.532318,0.799885
954.087891,0.531890,0.800938
954.288410,0.530600,0.798990
954.488082,0.530924,0.796731
954.688586,0.530049,0.801036
954.889185,0.529666,0.799801
955.087709,0.529343,0.804053
955.288101,0.528683,0.802480
955.488595,0.527430,0.801106
955.688136,0.527479,0.802382
955.887876,0.528329,0.803269
956.088503,0.526817,0.800554
956.288030,0.527681,0.802292
956.488457,0.526792,0.801794
956.688000,0.527577,0.801127
956.888649,0.526182,0.798015
957.088447,0.526736,0.797817
957.287948,0.528755,0.800232
957.488466,0.527973,0.797463
957.688292,0.528753,0.791446
957.887853,0.529796,0.798414
958.088385,0.528404,0.795903
958.287900,0.529291,0.797370
958.488416,0.528605,0.795176
958.687987,0.529935,0.794729
958.888582,0.528701,0.792305
959.088480,0.529390,0.791670
959.288149,0.529717,0.788045
959.487636,0.530495,0.793473
959.688163,0.528625,0.792473
959.887714,0.529157,0.795193
960.088195,0.527180,0.793593
960.287727,0.526606,0.796555
960.488199,0.524569,0.794862
960.687737,0.523775,0.796767
960.888865,0.522968,0.794636
961.088371,0.522543,0.794357
961.287879,0.523454,0.795951
961.488315,0.522498,0.795792
961.687788,0.523491,0.796798
961.888279,0.522490,0.795969
962.087747,0.523364,0.796317
962.288303,0.522559,0.793864
962.487861,0.523367,0.795686
962.688372,0.522530,0.794552
962.887899,0.523671,0.796556
963.088532,0.521852,0.794533
963.288082,0.522951,0.793603
963.488531,0.522079,0.793869
963.688063,0.523824,0.794029
963.888606,0.522474,0.793653
964.088129,0.523255,0.792961
964.288645,0.521845,0.792638
964.488121,0.522734,0.792613
964.688645,0.521708,0.792127
964.888186,0.522309,0.791398
965.087714,0.523601,0.791742
965.288232,0.521528,0.791425
965.487692,0.523114,0.789706
965.688208,0.521917,0.791028
965.887786,0.522945,0.792070
966.088324,0.521274,0.791801
966.287748,0.522453,0.792086
966.488199,0.520665,0.792277
966.687682,0.521511,0.791984
966.888267,0.520399,0.791648
967.087726,0.521236,0.791807
967.288252,0.519961,0.792203
967.487714,0.520348,0.792420
967.688253,0.519183,0.792422
967.887863,0.520089,0.792189
968.088456,0.519136,0.791371
968.287986,0.518635,0.792754
968.488466,0.518603,0.793631
968.688010,0.518440,0.792954
968.888572,0.517871,0.793266
969.088093,0.517303,0.792986
969.288611,0.516722,0.793034
969.488096,0.516985,0.793453
969.688631,0.516639,0.794100
969.888067,0.517407,0.795317
970.088558,0.517313,0.796160
970.288059,0.516838,0.795875
970.488526,0.517061,0.796776
970.688035,0.516458,0.795596
970.888520,0.516248,0.797078
971.088032,0.516585,0.796374
971.288553,0.516251,0.797560
971.488011,0.516159,0.797125
971.688497,0.515980,0.798904
971.888083,0.515853,0.797983
972.088108,0.515859,0.797173
972.288573,0.515864,0.800226
972.488192,0.515836,0.798027
972.687823,0.516944,0.796886
972.888826,0.515777,0.798656
973.088292,0.515632,0.800038
973.287811,0.515405,0.799366
973.488272,0.514771,0.799467
973.687811,0.514150,0.798614
973.888356,0.514738,0.799708
974.088194,0.515949,0.800362
974.287675,0.515518,0.800623
974.488127,0.515390,0.801723
974.688601,0.515863,0.802284
974.888118,0.515694,0.801828
975.088616,0.515932,0.802213
975.288056,0.515374,0.801722
975.488520,0.516043,0.802313
975.688041,0.515755,0.801582
975.887831,0.515757,0.801627
976.088245,0.516347,0.802753
976.288149,0.516469,0.802479
976.488616,0.517289,0.803667
976.688415,0.517095,0.803179
976.887914,0.516231,0.801998
977.087676,0.516234,0.800978
977.288084,0.517087,0.802642
977.488612,0.517769,0.802634
977.687746,0.516645,0.801150
977.888144,0.518021,0.802447
978.087768,0.517114,0.800324
978.288272,0.517917,0.800636
978.487801,0.517584,0.800214
978.687928,0.517873,0.800169
978.888406,0.519415,0.801508
979.088521,0.519215,0.800370
979.288029,0.518952,0.799817
979.488512,0.520362,0.799908
979.688007,0.520146,0.798603
979.888119,0.520651,0.798844
980.088583,0.521805,0.801500
980.288091,0.521500,0.800429
980.487893,0.520705,0.799823
980.688389,0.521971,0.800398
980.887856,0.521275,0.800094
981.088321,0.522050,0.800694
981.287782,0.520869,0.799338
981.488229,0.522122,0.800579
981.687965,0.521537,0.800240
981.888429,0.523064,0.802264
982.088442,0.522568,0.801481
982.288483,0.522449,0.801771
982.487985,0.521441,0.801072
982.687800,0.521069,0.800879
982.888593,0.522663,0.803017
983.088426,0.521976,0.803063
983.287941,0.520543,0.802403
983.488396,0.521672,0.803646
983.688201,0.521028,0.803425
983.888371,0.520909,0.803649
984.087844,0.519705,0.803216
984.287664,0.519081,0.802852
984.488383,0.520398,0.804171
984.688570,0.520374,0.805257
984.888477,0.519914,0.806485
985.087966,0.519603,0.804448
985.287732,0.518307,0.804516
985.488224,0.519495,0.805559
985.688044,0.519190,0.805537
985.888510,0.520159,0.806777
986.088338,0.519704,0.805941
986.287823,0.518656,0.804690
986.487988,0.519692,0.804464
986.688487,0.520131,0.805085
986.887925,0.519742,0.805493
987.087797,0.519491,0.804818
987.288246,0.521039,0.806280
987.487759,0.520188,0.805094
987.688325,0.521448,0.806469
987.887964,0.520983,0.804577
988.088384,0.522067,0.806236
988.288052,0.521730,0.804696
988.488474,0.522688,0.805791
988.688198,0.522877,0.805760
988.887870,0.522620,0.804391
989.088362,0.523432,0.804498
989.288419,0.524212,0.805632
989.487632,0.523473,0.804178
989.688161,0.524351,0.804676
989.887669,0.523876,0.803533
990.088182,0.524606,0.804650
990.287696,0.523618,0.802973
990.488210,0.525381,0.804188
990.687724,0.524555,0.803436
990.888264,0.525445,0.805366
991.087795,0.524679,0.803753
991.288333,0.525975,0.803782
991.488461,0.526264,0.804202
991.687973,0.525133,0.803893
991.888433,0.526191,0.804363
992.087817,0.525284,0.803929
992.288331,0.526158,0.804261
992.488105,0.525895,0.805230
992.687716,0.525191,0.803249
992.888181,0.526260,0.803817
993.088095,0.526254,0.804603
993.288512,0.527113,0.805837
993.487958,0.525745,0.806230
993.688386,0.527520,0.806494
993.887809,0.525816,0.806772
994.088378,0.527045,0.806774
994.287813,0.525813,0.806856
994.488432,0.527205,0.806910
994.687850,0.526014,0.807129
994.888356,0.526704,0.806462
995.087832,0.525617,0.807384
995.288303,0.526939,0.807351
995.487786,0.525474,0.807003
995.688302,0.527210,0.806715
995.887810,0.526598,0.807265
996.088610,0.528953,0.806781
996.288142,0.527741,0.807042
996.487602,0.526274,0.806819
996.688141,0.528278,0.806752
996.887680,0.527210,0.808569
997.088161,0.527828,0.805762
997.287667,0.526772,0.804851
997.488112,0.528894,0.806128
997.688633,0.530628,0.805604
997.888143,0.529642,0.806737
998.087890,0.530351,0.806034
998.288356,0.530431,0.806224
998.487814,0.529119,0.806418
998.688313,0.530304,0.805752
998.887887,0.531482,0.805171
999.088374,0.531223,0.805881
999.287896,0.530226,0.805501
999.488382,0.531194,0.805280
999.687918,0.530603,0.804985
999.888466,0.531303,0.805205
1000.087955,0.531168,0.804739
1000.288463,0.531417,0.804917
1000.487918,0.531512,0.805645
1000.688435,0.531797,0.805158
1000.887908,0.531460,0.805623
1001.088408,0.528862,0.807687
1001.287935,0.529380,0.807317
1001.488421,0.530475,0.806672
1001.687954,0.530197,0.806208
1001.888443,0.530560,0.805741
1002.088293,0.530219,0.804898
1002.287828,0.529973,0.806336
1002.488298,0.530750,0.803023
1002.687801,0.531355,0.806044
1002.888286,0.531512,0.807406
1003.087723,0.531451,0.806140
1003.288245,0.531299,0.804732
1003.487746,0.531818,0.808991
1003.688301,0.531981,0.804284
1003.887848,0.531945,0.805729
1004.088395,0.531166,0.803256
1004.287921,0.531731,0.805256
1004.488441,0.532104,0.804370
1004.687963,0.531998,0.805280
1004.888567,0.532038,0.806167
1005.088069,0.531880,0.804529
1005.288612,0.532282,0.803021
1005.488026,0.532140,0.804865
1005.688552,0.531814,0.802758
1005.888096,0.531492,0.803367
1006.088626,0.530645,0.801432
1006.288133,0.531100,0.800775
1006.488645,0.531961,0.799856
1006.688183,0.531851,0.802137
1006.887707,0.531342,0.803289
1007.088224,0.532030,0.803450
1007.287670,0.531858,0.804834
1007.488079,0.532257,0.803650
1007.688552,0.532179,0.802076
1007.888142,0.532398,0.802128
1008.087932,0.532615,0.802418
1008.287621,0.533005,0.802816
1008.488053,0.533207,0.801410
1008.687743,0.532952,0.801554
1008.888271,0.532787,0.801323
1009.087711,0.533471,0.801259
1009.288173,0.533146,0.800328
1009.488050,0.533142,0.800128
1009.687899,0.532946,0.800326
1009.888449,0.532749,0.799412
1010.087911,0.532964,0.800623
1010.288124,0.532422,0.800103
1010.488608,0.531773,0.799682
1010.688075,0.532498,0.800799
1010.887929,0.532380,0.801777
1011.088391,0.531729,0.800975
1011.288122,0.531429,0.802659
1011.488606,0.530564,0.801593
1011.688129,0.531059,0.802558
1011.887934,0.530815,0.803980
1012.088418,0.529710,0.802331
1012.287930,0.529815,0.803323
1012.488421,0.529274,0.802852
1012.688178,0.529489,0.804146
1012.887657,0.529911,0.803586
1013.088135,0.529280,0.802412
1013.287957,0.529532,0.804054
1013.488420,0.529032,0.803406
1013.687836,0.529727,0.805208
1013.888287,0.529189,0.803999
1014.087718,0.529889,0.804777
1014.288141,0.529636,0.803759
1014.487936,0.530195,0.803924
1014.688414,0.530238,0.802693
1014.887878,0.530971,0.803821
1015.088336,0.530633,0.801598
1015.287796,0.531796,0.802968
1015.488255,0.531747,0.801419
1015.687685,0.532059,0.801813
1015.888171,0.532028,0.800628
1016.087640,0.532838,0.801455
1016.288085,0.532533,0.800069
1016.488051,0.532379,0.800046
1016.688529,0.532294,0.798827
1016.887986,0.533073,0.799675
1017.087762,0.533281,0.799826
1017.288593,0.533010,0.798648
1017.488112,0.532835,0.799815
1017.688594,0.532631,0.799006
1017.888081,0.533043,0.799997
1018.088541,0.532406,0.799253
1018.287773,0.532523,0.800816
1018.488260,0.532217,0.799998
1018.687788,0.531867,0.800659
1018.888165,0.531946,0.801361
1019.087546,0.531601,0.802820
1019.287952,0.531600,0.802799
1019.488338,0.531183,0.802394
1019.687722,0.530670,0.803414
1019.888118,0.530631,0.803280
1020.088519,0.529928,0.802734
1020.287908,0.530494,0.803992
1020.488312,0.529764,0.803328
1020.687717,0.529599,0.804200
1020.888124,0.529592,0.805662
1021.088505,0.529061,0.803638
1021.288905,0.529201,0.804636
1021.488378,0.528724,0.803364
1021.694449,0.523631,0.795281
1021.887692,0.529401,0.804334
1022.088950,0.529170,0.803146
1022.287552,0.529682,0.804019
1022.489352,0.529665,0.803043
1022.711394,0.526197,0.799322
1022.888872,0.530033,0.803456
1023.088140,0.529829,0.802298
1023.289654,0.530741,0.803160
1023.494059,0.529266,0.796383
1023.687651,0.530319,0.801546
1023.888116,0.530235,0.800393
1024.088574,0.529115,0.796995
1024.288128,0.531212,0.800349
1024.489486,0.530640,0.798914
1024.687988,0.531672,0.800464
1024.888338,0.531373,0.799003
1025.087718,0.532266,0.799831
1025.288153,0.528209,0.795141
1025.488438,0.531261,0.798283
1025.687803,0.532467,0.798987
1025.888163,0.531709,0.798189
1026.087541,0.532628,0.799257
1026.287907,0.532072,0.798447
1026.488222,0.531631,0.797609
1026.687588,0.532435,0.798755
1026.887915,0.531937,0.799375
1027.088293,0.530984,0.797432
1027.287683,0.531928,0.798783
1027.488071,0.531347,0.798222
1027.688492,0.530537,0.797278
1027.887924,0.531658,0.798294
1028.088343,0.530581,0.797487
1028.287726,0.531565,0.798342
1028.488947,0.530879,0.797260
1028.687575,0.532295,0.798911
1028.888030,0.531465,0.797081
1029.088460,0.530590,0.797023
1029.287973,0.530558,0.796424
1029.488543,0.529472,0.794289
1029.688057,0.530166,0.795960
1029.888547,0.529716,0.794105
1030.088390,0.529711,0.794513
1030.287887,0.530821,0.796766
1030.488376,0.529899,0.795683
1030.687888,0.530836,0.796529
1030.888442,0.530259,0.794585
1031.088220,0.530028,0.795449
1031.287773,0.531397,0.795994
1031.488267,0.530342,0.795281
1031.687835,0.530809,0.795843
1031.888352,0.529509,0.795374
1032.088227,0.530348,0.796024
1032.287765,0.533007,0.796772
1032.488272,0.529504,0.795333
1032.687779,0.530821,0.796590
1032.888417,0.530040,0.791615
1033.087908,0.530068,0.795371
1033.288437,0.529427,0.795049
1033.488272,0.529513,0.794969
1033.689433,0.529522,0.795409
1033.887675,0.530213,0.796294
1034.089327,0.529663,0.795009
1034.288126,0.529718,0.795435
1034.488653,0.529506,0.794768
1034.688500,0.528374,0.794508
1034.887695,0.530232,0.797016
1035.131330,0.527606,0.794829
1035.287868,0.529483,0.797658
1035.488259,0.528503,0.796726
1035.688550,0.529289,0.798133
1035.888145,0.528328,0.798019
1036.088502,0.529627,0.799620
1036.288131,0.528279,0.798463
1036.488505,0.526778,0.798081
1036.687889,0.527645,0.798612
1036.888322,0.526833,0.797763
1037.087716,0.527343,0.799217
1037.288131,0.526351,0.798522
1037.488517,0.525567,0.798208
1037.687921,0.526292,0.799423
1037.888305,0.525349,0.798043
1038.087714,0.526422,0.800018
1038.288085,0.525361,0.799474
1038.488399,0.524926,0.798717
1038.688220,0.525736,0.799992
1038.888292,0.524734,0.800112
1039.087661,0.526039,0.800372
1039.288084,0.525060,0.799325
1039.488437,0.524673,0.798226
1039.687915,0.525224,0.799107
1039.888333,0.524611,0.797908
1040.087737,0.525980,0.799249
1040.288256,0.524667,0.796151
1040.487773,0.525513,0.797457
1040.688293,0.524691,0.795339
1040.887789,0.526468,0.797478
1041.087634,0.527011,0.797588
1041.288503,0.525676,0.794797
1041.488276,0.526487,0.795632
1041.687858,0.527543,0.796718
1041.888336,0.526573,0.794511
1042.088033,0.527290,0.794615
1042.288447,0.526969,0.794157
1042.487881,0.527892,0.794908
1042.688370,0.527618,0.793426
1042.888205,0.527198,0.793260
1043.087678,0.528534,0.794670
1043.290532,0.527807,0.794496
1043.488075,0.527934,0.787194
1043.689826,0.527016,0.788855
1043.888384,0.527245,0.791849
1044.087849,0.528176,0.793594
1044.287689,0.528462,0.794268
1044.488177,0.527480,0.793621
1044.688092,0.527848,0.794094
1044.888668,0.526862,0.794717
1045.088613,0.526120,0.793661
1045.288079,0.526687,0.794712
1045.488558,0.525449,0.794342
1045.688094,0.526011,0.794892
1045.888544,0.524436,0.794842
1046.088509,0.524395,0.795287
1046.288375,0.524082,0.795497
1046.488324,0.524032,0.795527
1046.687828,0.524589,0.796715
1046.887723,0.524097,0.796869
1047.088619,0.522327,0.795349
1047.288057,0.522890,0.795634
1047.487993,0.523288,0.795056
1047.688424,0.521930,0.794300
1047.887676,0.524734,0.795529
1048.088028,0.524131,0.796415
1048.288359,0.523706,0.795931
1048.487745,0.524942,0.796494
1048.688147,0.524401,0.795445
1048.887556,0.526305,0.796357
1049.087904,0.526101,0.794707
1049.288313,0.525222,0.794075
1049.487715,0.526730,0.794393
1049.688089,0.525857,0.793485
1049.888524,0.524923,0.792627
1050.087926,0.526409,0.793172
1050.288312,0.525642,0.792630
1050.487690,0.526826,0.793203
1050.688080,0.525914,0.792526
1050.888539,0.524743,0.793517
1051.087952,0.525350,0.793060
1051.288325,0.524154,0.793329
1051.487714,0.525300,0.793761
1051.688089,0.524019,0.794217
1051.888585,0.522272,0.794721
1052.087925,0.523201,0.795177
1052.288261,0.521614,0.795446
1052.487618,0.522786,0.795697
1052.687995,0.521708,0.796189
1052.888459,0.520209,0.795980
1053.087941,0.521045,0.794829
1053.288447,0.390223,2.763100
1053.487884,0.380460,2.749165
1053.688394,0.378215,2.744712
1053.887895,0.380637,2.754968
1054.088392,1.220437,3.023769
1054.287916,1.231513,3.014662
1054.488411,1.226994,3.026247
1054.687840,1.231854,3.020133
1054.888252,1.236491,3.013499
1055.087693,1.235578,3.022232
1055.288116,1.231218,3.019628
1055.488495,1.242195,3.029910
1055.687924,1.230560,3.008860
1055.888357,1.240537,3.010007
1056.087783,1.232734,3.000975
1056.288217,1.233793,3.010201
1056.487598,1.235087,3.007125
1056.688023,1.254135,3.005994
1056.888484,1.247841,3.008894
1057.087911,1.241045,3.012089
1057.288331,1.238804,3.016758
1057.487714,1.245572,3.011323
1057.688136,1.238123,3.000858
1057.887551,1.241632,3.000495
1058.087991,1.244806,3.001942
1058.288412,1.251005,3.006537
1058.487789,1.246651,3.007816
1058.688230,1.246114,2.989197
1058.887674,1.248245,3.007110
1059.088128,1.247891,2.993274
1059.288552,1.254084,2.997851
1059.487952,1.248508,2.995312
1059.688523,1.239793,2.991692
1059.888085,1.243411,2.985780
1060.088677,1.252582,2.999884
1060.288089,1.255850,3.013943
1060.488463,1.254358,3.022218
1060.687892,1.245422,2.999168
1060.888406,1.251054,3.008832
1061.087829,1.256964,2.994265
1061.288268,1.257229,2.999132
1061.487679,1.249755,2.985907
1061.688143,1.252354,2.999154
1061.887591,1.253204,2.992865
1062.088010,1.261673,3.007686
1062.288441,1.261055,3.007947
1062.487839,1.253189,2.994962
1062.688218,1.264378,3.001226
1062.887710,1.282096,2.984777
1063.088116,1.302999,2.966244
1063.288503,1.323762,2.941215
1063.487900,1.333549,2.916561
1063.688309,1.358295,2.903694
1063.887723,1.372846,2.872032
1064.088109,1.395117,2.867144
1064.288482,1.402578,2.839594
1064.487995,1.408056,2.835616
1064.688391,1.425642,2.827063
1064.887824,1.436587,2.824094
1065.088230,1.429170,2.819350
1065.287791,1.440107,2.810876
1065.488276,1.422824,2.807243
1065.687780,1.422740,2.826538
1065.888263,1.413265,2.833697
1066.087751,1.391121,2.846849
1066.288291,1.382340,2.867026
1066.487729,1.357899,2.887935
1066.688197,1.333886,2.902188
1066.887677,1.325228,2.934858
1067.088119,1.305175,2.960266
1067.288567,1.274615,2.981476
1067.488222,1.245732,2.999354
1067.687807,1.230319,3.035757
1067.888274,1.218876,3.055537
1068.087933,1.192517,3.058797
1068.288352,1.184713,3.079446
1068.487785,1.169330,3.087838
1068.688278,1.161996,3.089717
1068.887777,1.163926,3.095754
1069.088487,1.169036,3.102910
1069.287962,1.167938,3.085903
1069.488454,1.181942,3.074826
1069.687922,1.193350,3.067782
1069.887688,1.199615,3.032603
1070.088174,1.222206,3.010403
1070.287642,1.245045,3.006439
1070.488467,1.264954,2.978548
1070.688336,1.281238,2.956078
1070.887811,1.311267,2.925407
1071.088335,1.333465,2.903053
1071.287731,1.356630,2.892360
1071.488124,1.372793,2.880079
1071.688504,1.386273,2.856338
1071.887933,1.406336,2.838963
1072.088368,1.409571,2.827895
1072.287723,1.409031,2.817567
1072.488123,1.428200,2.811889
1072.688500,1.414621,2.801443
1072.887943,1.431543,2.806043
1073.088393,1.424085,2.821181
1073.287794,1.423994,2.826977
1073.488214,1.407183,2.837975
1073.687628,1.372610,2.850740
1073.888011,1.377414,2.862507
1074.088457,1.358156,2.892009
1074.287833,1.328006,2.906016
1074.488168,1.313749,2.929616
1074.687547,1.303116,2.957994
1074.887943,1.278144,2.970804
1075.088334,1.244407,2.992811
1075.287730,1.235822,3.011493
1075.488092,1.214921,3.027401
1075.688448,1.201966,3.049823
1075.887915,1.193882,3.062609
1076.088325,1.173418,3.058415
1076.287810,1.165216,3.071008
1076.488155,1.152572,3.072168
1076.687579,1.152685,3.076583
1076.887990,1.156277,3.083527
1077.088369,1.162432,3.090082
1077.287760,1.166239,3.093906
1077.488126,1.177202,3.085514
1077.687559,1.187333,3.065761
1077.887911,1.194447,3.055544
1078.088321,1.205905,3.033525
1078.287711,1.222972,3.024480
1078.488065,1.243666,3.021352
1078.688448,1.255605,3.007041
1078.887814,1.272636,2.981532
1079.088213,1.284092,2.965531
1079.287615,1.313934,2.951884
1079.488053,1.317705,2.926564
1079.688439,1.342206,2.909159
1079.887808,1.357105,2.897150
1080.088227,1.361097,2.874843
1080.287619,1.388358,2.859957
1080.488014,1.400362,2.855042
1080.688372,1.391847,2.841429
1080.887845,1.419124,2.829350
1081.088225,1.422415,2.822290
1081.287638,1.434342,2.822108
1081.488105,1.430761,2.802478
1081.688571,1.436383,2.810582
1081.888431,1.435713,2.808978
1082.088122,1.427669,2.814682
1082.288469,1.424009,2.813752
1082.487845,1.414652,2.828018
1082.688318,1.410644,2.829145
1082.887758,1.414478,2.829960
1083.088182,1.413131,2.832536
1083.287600,1.401175,2.826320
1083.487961,1.409305,2.821649
1083.688380,1.415334,2.824254
1083.887813,1.417059,2.829159
1084.088234,1.411467,2.822390
1084.287662,1.410216,2.823815
1084.488020,1.403149,2.824526
1084.688447,1.411176,2.822180
1084.887935,1.402956,2.820712
1085.088360,1.416518,2.826376
1085.287776,1.419541,2.833141
1085.488139,1.422861,2.825574
1085.687567,1.430869,2.830071
1085.888019,1.423791,2.829812
1086.088480,1.414725,2.828794
1086.287909,1.402348,2.818507
1086.488291,1.426175,2.821597
1086.687725,1.423787,2.824985
1086.888164,1.412306,2.824324
1087.087607,1.411795,2.824100
1087.288200,1.409495,2.819738
1087.487730,1.416713,2.814556
1087.688275,1.403068,2.806855
1087.887828,1.409552,2.806141
1088.088388,1.418465,2.809522
1088.287923,1.408206,2.817018
1088.488443,1.414369,2.811325
1088.687945,1.418453,2.812629
1088.888538,1.428460,2.820722
1089.088014,1.407713,2.819251
1089.288496,1.417053,2.812034
1089.487918,1.413549,2.818534
1089.688446,1.413190,2.813943
1089.888169,1.413977,2.803965
1090.087648,1.411106,2.808719
1090.288176,1.404897,2.809399
1090.487667,1.423123,2.817849
1090.688193,1.414698,2.812562
1090.887788,1.422046,2.799727
1091.087706,1.415016,2.806199
1091.288233,1.421582,2.818793
1091.487707,1.413568,2.810294
1091.688236,1.424348,2.807727
1091.887824,1.424692,2.802151
1092.088319,1.421791,2.803300
1092.287812,1.420453,2.813303
1092.488244,1.421302,2.814902
1092.687707,1.424818,2.816213
1092.888835,1.424206,2.811992
1093.088327,1.424096,2.807860
1093.288997,1.422954,2.810848
1093.488445,1.434901,2.824174
1093.687924,1.419086,2.820666
1093.888423,1.423770,2.815049
1094.098594,1.411063,2.802699
1094.287574,1.422124,2.815624
1094.487951,1.423533,2.819423
1094.688331,1.422851,2.819486
1094.887795,1.420969,2.804036
1095.088280,1.410132,2.804812
1095.287677,1.412417,2.819330
1095.508182,1.413975,2.800793
1095.687685,1.432962,2.819476
1095.888127,1.438368,2.813340
1096.087541,1.420809,2.813816
1096.287971,1.419924,2.814908
1096.488338,1.418072,2.814326
1096.687727,1.417123,2.804552
1096.910184,1.422415,2.803062
1097.087598,1.423318,2.816794
1097.288799,1.426949,2.811975
1097.488437,1.433887,2.823401
1097.710926,1.420985,2.808052
1097.897250,1.421194,2.807995
1098.087633,1.416660,2.809225
1098.288031,1.436392,2.826648
1098.488462,1.435921,2.809740
1098.687874,1.446424,2.821903
1098.888343,1.444983,2.821777
1099.087737,1.432455,2.819505
1099.288249,1.412663,2.801214
1099.487720,1.425004,2.816232
1099.688251,1.438264,2.813750
1099.887786,1.442179,2.820019
1100.088329,1.423248,2.798551
1100.287858,1.432667,2.812215
1100.488383,1.432440,2.810448
1100.687905,1.422679,2.807627
1100.888518,1.433270,2.807982
1101.088004,1.417661,2.811736
1101.288495,1.422069,2.805629
1101.487980,1.426235,2.816942
1101.688482,1.422781,2.811825
1101.888007,1.415459,2.802307
1102.088558,1.433996,2.816458
1102.288075,1.423455,2.808403
1102.488567,1.436056,2.817977
1102.688088,1.427868,2.817676
1102.888549,1.190041,3.072610
1103.088416,1.163886,3.096826
1103.287935,1.168255,3.095216
1103.488465,1.166206,3.084790
1103.687992,1.170834,3.070349
1103.888492,1.174677,3.073635
1104.087923,1.175859,3.059020
1104.288435,1.179869,3.055828
1104.487982,1.196432,3.058970
1104.688404,1.187527,3.050877
1104.888002,1.191826,3.050365
1105.088057,1.194171,3.039033
1105.288581,1.203463,3.044884
1105.488134,1.196375,3.035336
1105.687666,1.208937,3.040000
1105.888207,1.211298,3.045831
1106.087704,1.209774,3.035276
1106.288239,1.203788,3.033176
1106.488247,1.213177,2.978679
1106.687659,1.220970,3.052650
1106.888092,1.212580,3.044202
1107.088494,1.227595,3.045190
1107.287922,1.226754,3.031879
1107.488341,1.220530,3.018247
1107.687766,1.223902,3.029596
1107.888202,1.230635,3.020254
1108.087625,1.229200,3.022657
1108.288055,1.235548,3.022264
1108.488466,1.233670,3.026233
1108.687904,1.230639,3.020766
1108.888419,1.237356,3.015162
1109.087953,1.234454,3.013192
1109.288372,1.228434,3.014216
1109.487774,1.245964,3.005815
1109.688202,1.248920,3.002359
1109.887668,1.240277,3.007415
1110.088084,1.237789,3.010381
1110.288502,1.241766,2.994464
1110.487901,1.245526,3.014358
1110.688326,1.245555,3.006314
1110.887793,1.245510,3.007166
1111.088194,1.247254,3.004850
1111.287618,1.246612,2.999390
1111.488002,1.242502,2.992528
1111.688516,1.250439,2.990743
1111.888008,1.256628,2.992439
1112.088528,1.254885,2.988928
1112.288068,1.255174,2.987473
1112.488659,1.239597,2.984705
1112.688211,1.252635,2.988375
1112.887815,1.259149,2.985114
1113.088243,1.251540,2.987628
1113.287680,1.257408,2.979894
1113.488094,1.260953,2.992384
1113.688516,1.260580,2.992730
1113.887967,1.262557,2.988144
1114.088469,1.264234,2.993058
1114.287886,1.265195,2.999135
1114.488296,1.258048,2.982980
1114.687736,1.265552,2.991938
1114.888169,1.268327,2.994000
1115.087798,1.269527,2.975113
1115.288227,1.267334,2.992304
1115.487606,1.260877,2.977776
1115.688039,1.262274,2.984344
1115.888495,1.269428,2.970796
1116.087917,1.265701,2.975751
1116.288341,1.269247,2.988914
1116.487732,1.263615,2.979841
1116.688167,1.263300,2.982262
1116.887741,1.268826,2.978426
1117.088184,1.272021,2.975911
1117.287614,1.269957,2.972424
1117.488070,1.273014,2.985523
1117.688528,1.263541,2.968361
1117.888069,1.272525,2.979131
1118.088656,1.272933,2.971392
1118.288182,1.270143,2.964338
1118.487675,1.277198,2.965004
1118.688192,1.277944,2.963473
1118.887761,1.275620,2.967380
1119.088276,1.277161,2.963338
1119.287738,1.271559,2.968460
1119.488154,1.278847,2.978224
1119.687645,1.274745,2.961201
1119.888236,1.283129,2.958207
1120.088126,1.281337,2.970114
1120.288639,1.283232,2.968411
1120.488088,1.283725,2.974723
1120.688634,1.275680,2.970971
1120.888276,1.280014,2.948761
1121.088325,1.281961,2.954914
1121.287850,1.281602,2.963234
1121.488354,1.279267,2.967522
1121.687800,1.290052,2.955200
1121.888316,1.292975,2.953125
1122.088342,1.289094,2.931699
1122.287830,1.303977,2.949088
1122.488312,1.304223,2.932095
1122.688367,1.312139,2.941916
1122.888133,1.308718,2.926447
1123.088226,1.312606,2.923462
1123.287710,1.322163,2.935218
1123.488228,1.322832,2.921124
1123.687667,1.325287,2.920682
1123.888098,1.327417,2.918139
1124.087900,1.328557,2.913415
1124.288354,1.342905,2.907278
1124.487771,1.339003,2.908699
1124.688235,1.343573,2.901289
1124.887730,1.352198,2.899184
1125.088156,1.361960,2.898568
1125.287866,1.355817,2.880348
1125.487575,1.360866,2.876260
1125.688067,1.358167,2.866941
1125.888477,1.362591,2.863567
1126.088324,1.368821,2.859800
1126.287814,1.367301,2.857379
1126.488259,1.362978,2.851337
1126.688015,1.367344,2.852624
1126.887910,1.377823,2.851924
1127.088169,1.379237,2.850480
1127.287685,1.392452,2.841746
1127.488201,1.391220,2.838866
1127.687731,1.384627,2.836131
1127.888142,1.392877,2.845768
1128.087928,1.384770,2.837785
1128.288476,1.385670,2.837344
1128.487903,1.389234,2.839967
1128.688456,1.396354,2.843356
1128.888089,1.396520,2.844158
1129.088123,1.386024,2.834224
1129.288682,1.388747,2.838817
1129.488148,1.390577,2.838933
1129.687688,1.385759,2.832728
1129.888169,1.400934,2.838778
1130.087673,1.389103,2.852361
1130.288163,1.387957,2.831646
1130.487612,1.392438,2.842471
1130.688080,1.390592,2.836933
1130.888517,1.389418,2.839336
1131.088289,1.390142,2.843884
1131.287767,1.385115,2.839612
1131.488266,1.391645,2.835217
1131.687740,1.391345,2.843328
1131.888213,1.399261,2.834902
1132.088004,1.395617,2.843569
1132.288527,1.393647,2.839310
1132.487972,1.390315,2.832841
1132.688514,1.396203,2.835899
1132.887975,1.395248,2.841820
1133.088403,1.394798,2.837736
1133.287826,1.394616,2.836860
1133.488206,1.393132,2.839181
1133.687626,1.397235,2.836701
1133.888085,1.394312,2.839695
1134.087599,1.390681,2.829368
1134.288020,1.398672,2.846667
1134.488396,1.396771,2.846017
1134.687819,1.393259,2.849824
1134.888356,1.411094,2.841130
1135.087976,1.399367,2.845424
1135.288340,1.404825,2.848330
1135.487741,1.416239,2.826917
1135.688093,1.418973,2.814847
1135.887583,1.427501,2.811232
1136.087960,1.427451,2.809373
1136.288366,1.425022,2.803634
1136.487761,1.405502,2.810432
1136.688146,1.398283,2.825300
1136.887581,1.398747,2.838965
1137.087936,1.390346,2.847162
1137.288469,1.375056,2.869390
1137.487883,1.338322,2.883395
1137.688355,1.331482,2.906524
1137.887861,1.306796,2.927211
1138.088373,1.289981,2.946191
1138.287884,1.261229,2.967606
1138.488382,1.230614,2.980179
1138.688361,1.222961,3.015249
1138.888339,1.213128,3.048357
1139.087855,1.182257,3.045292
1139.288323,1.173412,3.058551
1139.487818,1.163273,3.067145
1139.688292,1.158829,3.076674
1139.887758,1.162857,3.075913
1140.087694,1.157405,3.078583
1140.287763,1.169891,3.076873
1140.488173,1.182420,3.068711
1140.687651,1.189328,3.044436
1140.888269,1.203075,3.034385
1141.087707,1.221922,3.004664
1141.288139,1.243620,2.996994
1141.487927,1.262958,2.967366
1141.688368,1.290483,2.954276
1141.887817,1.310548,2.917651
1142.088313,1.324987,2.896695
1142.287757,1.353034,2.875958
1142.488226,1.372451,2.861823
1142.688084,1.390218,2.850305
1142.888594,1.391755,2.820122
1143.088021,1.404117,2.819886
1143.288481,1.414784,2.807342
1143.488008,1.421937,2.797143
1143.687999,1.419622,2.799995
1143.888525,1.413712,2.804078
1144.088018,1.407758,2.808838
1144.288496,1.396548,2.819410
1144.488487,1.380695,2.838587
1144.688276,1.375256,2.847445
1144.887834,1.352844,2.863531
1145.088376,1.338254,2.882561
1145.288399,1.319644,2.907689
1145.487835,1.293716,2.933178
1145.688367,1.271335,2.943504
1145.887858,1.264509,2.960078
1146.087891,1.246285,2.986186
1146.288370,1.226340,3.012745
1146.488382,1.213197,3.016718
1146.688382,1.194307,3.032763
1146.888548,1.171783,3.040125
1147.088552,1.174751,3.069361
1147.288484,1.162432,3.077485
1147.488171,1.158857,3.074393
1147.687605,1.152628,3.070847
1147.888058,1.155553,3.076332
1148.088503,1.163033,3.072274
1148.287902,1.174333,3.078731
1148.487719,1.184977,3.073766
1148.688168,1.194923,3.054723
1148.887653,1.200138,3.043904
1149.088138,1.207369,3.026743
1149.288046,1.220323,3.009299
1149.488473,1.233909,2.978952
1149.688342,1.260879,2.973401
1149.888368,1.272160,2.939306
1150.087836,1.291627,2.924159
1150.288323,1.308077,2.901945
1150.488308,1.322311,2.896664
1150.688342,1.341821,2.871669
1150.887799,1.351199,2.869450
1151.087806,1.375796,2.855810
1151.288271,1.387155,2.839886
1151.488258,1.394346,2.826879
1151.688300,1.413126,2.811984
1151.887782,1.404062,2.805772
1152.088261,1.422352,2.808077
1152.287668,1.412960,2.803296
1152.488328,1.419012,2.795847
1152.688195,1.416689,2.796249
1152.888251,1.412331,2.799483
1153.087733,1.397725,2.795561
1153.288211,1.397555,2.810065
1153.487631,1.393941,2.818526
1153.687624,1.387080,2.829571
1153.888033,1.382211,2.847842
1154.087784,1.363153,2.859916
1154.288505,1.342534,2.864477
1154.488198,1.331819,2.876863
1154.687630,1.329691,2.893873
1154.888050,1.319432,2.910279
1155.087834,1.314724,2.919186
1155.287588,1.291645,2.942303
1155.488057,1.280710,2.949027
1155.688507,1.262284,2.965979
1155.888462,1.245680,2.981696
1156.087897,1.231961,2.989097
1156.287837,1.226989,3.014222
1156.487860,1.208475,3.020197
1156.687843,1.196957,3.023548
1156.887971,1.194281,3.046239
1157.088450,1.180416,3.054162
1157.287927,1.176214,3.067006
1157.488435,1.170682,3.061965
1157.688354,1.166271,3.075569
1157.888190,1.158558,3.067613
1158.087583,1.164007,3.094877
1158.287972,1.157355,3.087150
1158.488345,1.156259,3.086952
1158.687763,1.167090,3.089354
1158.888421,1.167121,3.088245
1159.087766,1.166652,3.073920
1159.288334,1.165429,3.077265
1159.487718,1.184334,3.072775
1159.688088,1.174930,3.046865
1159.888477,1.177695,3.046840
1160.087860,1.195997,3.040169
1160.288222,1.203303,3.028219
1160.487627,1.209410,3.019253
1160.688004,1.221692,3.007574
1160.888426,1.228454,2.989525
1161.087856,1.237438,2.979960
1161.288396,1.252641,2.976837
1161.487792,1.258006,2.968569
1161.688176,1.269629,2.953189
1161.887558,1.282154,2.942085
1162.088078,1.295252,2.921711
1162.288505,1.304651,2.938651
1162.487890,1.302617,2.944637
1162.688318,1.303886,2.946886
1162.887756,1.291835,2.934192
1163.088283,1.292606,2.933304
1163.287804,1.295752,2.927793
1163.488264,1.298884,2.936427
1163.687774,1.296046,2.946796
1163.888230,1.296326,2.946799
1164.087978,1.296626,2.933928
1164.288442,1.287703,2.935738
1164.487875,1.290400,2.935788
1164.688408,1.296293,2.920566
1164.888076,1.292061,2.928127
1165.101489,1.291743,2.927234
1165.287543,1.296252,2.925251
1165.488755,1.300605,2.928123
1165.688402,1.290736,2.943157
1165.888745,1.304525,2.950453
1166.088362,1.285621,2.936684
1166.287764,1.283333,2.947058
1166.488187,1.285782,2.938120
1166.688636,1.293146,2.961709
1166.888175,1.295170,2.943422
1167.087547,1.293425,2.946076
1167.287924,1.290294,2.944573
1167.488971,1.282947,2.936806
1167.687756,1.274790,2.940279
1167.889288,1.280504,2.941066
1168.087828,1.279457,2.952359
1168.288246,1.287395,2.934522
1168.487641,1.283854,2.947604
1168.688086,1.290502,2.944930
1168.888553,1.278151,2.941317
1169.087974,1.286120,2.947526
1169.288381,1.276842,2.953695
1169.487745,1.286967,2.950782
1169.688154,1.280825,2.947498
1169.887624,1.282469,2.945503
1170.088109,1.278736,2.944831
1170.288606,1.279670,2.947309
1170.488065,1.269793,2.950780
1170.688565,1.277553,2.941414
1170.888100,1.273568,2.943810
1171.088593,1.281402,2.951744
1171.288096,1.282546,2.950426
1171.488559,1.280009,2.951827
1171.688064,1.280543,2.954857
1171.888566,1.269539,2.943103
1172.088624,1.276923,2.963326
1172.288119,1.276715,2.951678
1172.488575,1.281219,2.953744
1172.688083,1.278833,2.962619
1172.888664,1.271783,2.945516
1173.088193,1.274349,2.943448
1173.287682,1.267360,2.947867
1173.488203,1.269563,2.945153
1173.687692,1.276228,2.961667
1173.888251,1.275584,2.961827
1174.087742,1.271799,2.959058
1174.288262,1.268024,2.947399
1174.487764,1.275267,2.959440
1174.688281,1.273159,2.961570
1174.887812,1.268883,2.961644
